class,binSpecies,sex,n_dead,rms,ks_D,ndims,external_hazard,n_flags,flags
Mammalia,Pseudois nayaur,m,188,0.03015,0.06141,5,8.423,2,high_makeham_h=0.00022/d; infant_spike_frac=0.50
Mammalia,Felis margarita,f,170,0.03383,0.06399,4,,0,ok
Aves,Anas erythrorhyncha,m,78,0.02547,0.0505,4,,1,low_n_dead=78
Amphibia,Dyscophus antongilii,m,141,0.02298,0.04266,4,,1,bimodal_BC=0.878
Mammalia,Capra nubiana,f,831,0.03657,0.06088,4,,0,ok
Mammalia,Dasyprocta azarae,m,171,0.01879,0.02685,4,,0,ok
Mammalia,Dendrolagus matschiei,m,81,0.02349,0.04908,4,,1,low_n_dead=81
Mammalia,Vulpes zerda,m,366,0.03486,0.06199,4,,0,ok
Mammalia,Vulpes lagopus,f,233,0.03253,0.05592,4,,0,ok
Aves,Radjah radjah,f,138,0.03752,0.06237,4,,0,ok
Aves,Acryllium vulturinum,f,422,0.01346,0.03359,4,,0,ok
Mammalia,Tragelaphus spekii,f,1240,0.01246,0.02885,4,,0,ok
Mammalia,Echinops telfairi,f,420,0.00867,0.01392,4,,0,ok
Mammalia,Galago senegalensis,f,324,0.009,0.01753,4,,0,ok
Aves,Padda oryzivora,m,78,0.03898,0.0509,4,,1,low_n_dead=78
Aves,Crossoptilon crossoptilon,f,65,0.02056,0.04787,4,,1,low_n_dead=65
Aves,Himantopus himantopus,m,361,0.02,0.04519,4,,0,ok
Aves,Bambusicola thoracicus,f,72,0.02244,0.03738,4,,1,low_n_dead=72
Mammalia,Lemur catta,m,2087,0.01227,0.02614,4,,0,ok
Aves,Nestor notabilis,f,151,0.01909,0.02694,4,,0,ok
Amphibia,Anaxyrus baxteri,f,466,0.01516,0.04268,4,,0,ok
Aves,Catreus wallichii,m,94,0.03717,0.08602,4,,1,low_n_dead=94
Aves,Egretta garzetta,m,133,0.01964,0.05269,4,,0,ok
Mammalia,Osphranter robustus,f,235,0.01512,0.03991,4,,0,ok
Reptilia,Corallus caninus,f,176,0.01504,0.02355,4,,0,ok
Aves,Guaruba guarouba,f,127,0.01737,0.04078,4,,0,ok
Mammalia,Canis rufus,f,275,0.02437,0.06386,4,,0,ok
Mammalia,Panthera leo,m,1642,0.01955,0.0569,5,9.352,1,infant_spike_frac=0.25
Reptilia,Elaphe taeniura,m,83,0.02645,0.06157,4,,1,low_n_dead=83
Mammalia,Rangifer tarandus,f,1435,0.02532,0.05815,4,,0,ok
Aves,Streptopelia risoria,m,120,0.03547,0.05533,4,,0,ok
Mammalia,Naemorhedus griseus,m,95,0.03018,0.03556,4,,1,low_n_dead=95
Mammalia,Macaca nigra,m,249,0.01131,0.02413,4,,0,ok
Aves,Coracias cyanogaster,f,97,0.01734,0.03366,4,,1,low_n_dead=97
Mammalia,Acrobates pygmaeus,f,171,0.01579,0.0274,4,,0,ok
Aves,Mergus squamatus,m,84,0.04262,0.07878,4,,1,low_n_dead=84
Aves,Geokichla dohertyi,m,139,0.02438,0.04715,4,,0,ok
Aves,Chloebia gouldiae,f,696,0.00728,0.01074,4,,0,ok
Aves,Spatula platalea,f,80,0.02206,0.04081,4,,1,low_n_dead=80
Mammalia,Sapajus xanthosternos,m,44,0.02514,0.03822,5,9.932,1,low_n_dead=44
Aves,Ducula bicolor,m,209,0.02236,0.04104,4,,0,ok
Mammalia,Suricata suricatta,m,2783,0.00825,0.01008,4,,0,ok
Mammalia,Callosciurus prevostii,m,254,0.02315,0.02968,4,,0,ok
Mammalia,Ovis dalli,f,272,0.01475,0.02835,4,,0,ok
Mammalia,Ateles fusciceps,m,110,0.02343,0.02225,4,,0,ok
Aves,Grus antigone,f,73,0.01844,0.03238,4,,1,low_n_dead=73
Mammalia,Sapajus apella,m,329,0.01888,0.03631,4,,0,ok
Mammalia,Capra caucasica,f,433,0.01497,0.02969,4,,0,ok
Aves,Upupa epops,m,215,0.01573,0.02788,4,,0,ok
Aves,Argusianus argus,f,153,0.02433,0.04356,4,,0,ok
Aves,Upupa epops,f,222,0.01235,0.03206,4,,0,ok
Aves,Agapornis nigrigenis,m,210,0.03339,0.06046,4,,0,ok
Mammalia,Dolichotis salinicola,f,82,0.03849,0.05184,4,,1,low_n_dead=82
Aves,Gallus varius,f,86,0.02426,0.07089,4,,1,low_n_dead=86
Reptilia,Morelia spilota,f,98,0.02226,0.0468,4,,1,low_n_dead=98
Aves,Coracias garrulus,m,73,0.03707,0.0908,4,,2,low_n_dead=73; infant_spike_frac=0.26
Aves,Streptopelia risoria,f,123,0.02524,0.05571,4,,0,ok
Aves,Lamprotornis superbus,m,359,0.02533,0.03557,4,,0,ok
Mammalia,Pecari tajacu,m,590,0.04509,0.0937,5,8.468,2,high_makeham_h=0.00021/d; infant_spike_frac=0.93
Mammalia,Sus cebifrons,m,116,0.01934,0.03872,5,9.213,1,infant_spike_frac=0.22
Mammalia,Hydropotes inermis,m,97,0.03411,0.05162,4,,1,low_n_dead=97
Mammalia,Okapia johnstoni,m,136,0.02143,0.05105,4,,0,ok
Aves,Guaruba guarouba,m,125,0.01532,0.03775,4,,0,ok
Aves,Myiopsitta monachus,f,104,0.03061,0.07505,4,,0,ok
Mammalia,Papio hamadryas,f,921,0.01494,0.02546,4,,0,ok
Mammalia,Petaurus norfolcensis,f,60,0.03956,0.03956,5,8.562,1,low_n_dead=60
Reptilia,Morelia spilota,m,85,0.02336,0.05194,4,,1,low_n_dead=85
Aves,Crossoptilon auritum,f,64,0.02918,0.05503,4,,1,low_n_dead=64
Aves,Nycticorax nycticorax,f,130,0.01785,0.04691,4,,0,ok
Mammalia,Alces alces,f,401,0.01259,0.02873,4,,0,ok
Mammalia,Equus kiang,m,91,0.07005,0.13677,5,8.556,1,low_n_dead=91
Mammalia,Macaca silenus,m,346,0.0356,0.05209,4,,0,ok
Aves,Phoeniculus purpureus,f,121,0.02575,0.05689,4,,0,ok
Aves,Polytelis alexandrae,m,74,0.02992,0.07861,4,,1,low_n_dead=74
Mammalia,Cricetus cricetus,f,357,0.04872,0.09726,4,,0,ok
Mammalia,Notamacropus parma,f,595,0.00979,0.03012,4,,0,ok
Mammalia,Tragelaphus scriptus,f,71,0.02309,0.04271,4,,1,low_n_dead=71
Mammalia,Speothos venaticus,f,295,0.02501,0.05017,4,,0,ok
Mammalia,Pteropus giganteus,f,220,0.01819,0.02923,4,,0,ok
Aves,Psittacula derbiana,m,74,0.02649,0.05661,4,,1,low_n_dead=74
Mammalia,Ovis vignei,f,413,0.03125,0.04955,4,,0,ok
Mammalia,Cebuella pygmaea,f,1202,0.00737,0.01218,4,,0,ok
Aves,Geococcyx californianus,f,146,0.02057,0.04425,4,,0,ok
Reptilia,Furcifer pardalis,m,384,0.00808,0.02041,4,,0,ok
Aves,Aythya collaris,m,49,0.0356,0.06101,4,,1,low_n_dead=49
Mammalia,Equus grevyi,f,531,0.03693,0.05339,4,,0,ok
Mammalia,Hippotragus equinus,f,400,0.02777,0.05346,4,,0,ok
Mammalia,Panthera leo,f,1904,0.02869,0.06547,4,,0,ok
Mammalia,Gazella cuvieri,f,135,0.02076,0.03466,4,,0,ok
Reptilia,Corallus caninus,m,171,0.01589,0.02823,4,,0,ok
Aves,Phalacrocorax carbo,m,115,0.04258,0.06569,4,,0,ok
Mammalia,Theropithecus gelada,f,127,0.03487,0.04604,4,,0,ok
Aves,Nycticorax nycticorax,m,121,0.03127,0.05686,4,,0,ok
Mammalia,Odocoileus hemionus,f,101,0.03012,0.07287,4,,0,ok
Mammalia,Bos frontalis,m,118,0.02378,0.04061,4,,0,ok
Mammalia,Bison bison,f,1027,0.033,0.0719,4,,0,ok
Mammalia,Macaca fascicularis,m,267,0.01357,0.03089,4,,0,ok
Mammalia,Cynomys ludovicianus,f,358,0.02702,0.04262,4,,0,ok
Mammalia,Tragulus javanicus,m,345,0.02363,0.05559,4,,0,ok
Aves,Amazona leucocephala,f,50,0.05848,0.13149,4,,1,low_n_dead=50
Aves,Callipepla gambelii,f,106,0.03728,0.05925,4,,0,ok
Mammalia,Tursiops truncatus,m,55,0.02312,0.03363,4,,1,low_n_dead=55
Aves,Guttera pucherani,f,133,0.02409,0.04601,4,,0,ok
Aves,Mareca strepera,f,140,0.02304,0.03551,4,,0,ok
Mammalia,Aepyceros melampus,f,1203,0.02616,0.05031,4,,0,ok
Aves,Anser anser,m,132,0.01762,0.04775,4,,0,ok
Aves,Plegadis falcinellus,f,130,0.02169,0.02367,4,,0,ok
Mammalia,Hippotragus niger,f,1036,0.01889,0.02696,4,,0,ok
Aves,Lophura leucomelanos,f,126,0.01937,0.03598,4,,0,ok
Reptilia,Malayopython reticulatus,m,49,0.03753,0.09288,5,9.394,2,low_n_dead=49; infant_spike_frac=0.27
Mammalia,Oryx leucoryx,f,889,0.04174,0.06469,4,,0,ok
Aves,Taeniopygia guttata,f,315,0.0257,0.04891,4,,0,ok
Chondrichthyes,Rhinoptera bonasus,m,67,0.07983,0.11732,5,8.665,1,low_n_dead=67
Aves,Vanellus armatus,m,108,0.02446,0.06694,4,,0,ok
Mammalia,Nanger soemmerringii,f,186,0.02158,0.04802,4,,0,ok
Aves,Ciconia ciconia,f,203,0.02066,0.03729,4,,0,ok
Aves,Dacelo leachii,m,51,0.02577,0.03899,4,,1,low_n_dead=51
Mammalia,Mungos mungo,m,424,0.02159,0.03057,4,,0,ok
Aves,Platycercus eximius,m,77,0.0244,0.06927,4,,1,low_n_dead=77
Aves,Ramphastos toco,f,144,0.02765,0.05476,4,,0,ok
Aves,Anas luzonica,f,112,0.02648,0.04225,4,,0,ok
Reptilia,Pantherophis guttatus,m,214,0.01735,0.02537,4,,0,ok
Mammalia,Vicugna vicugna,m,241,0.0186,0.02609,4,,0,ok
Aves,Cossypha niveicapilla,m,112,0.06358,0.10083,5,7.798,1,high_makeham_h=0.00041/d
Aves,Branta leucopsis,f,235,0.02906,0.02993,4,,0,ok
Mammalia,Hystrix africaeaustralis,f,162,0.02474,0.05285,4,,0,ok
Mammalia,Mustela putorius,m,487,0.02045,0.03861,4,,0,ok
Mammalia,Perameles gunnii,m,81,0.03981,0.06346,4,,1,low_n_dead=81
Aves,Phoeniculus purpureus,m,128,0.02129,0.05737,4,,0,ok
Reptilia,Corucia zebrata,f,127,0.04632,0.04409,4,,0,ok
Mammalia,Eulemur rufus,m,60,0.03223,0.06393,4,,1,low_n_dead=60
Mammalia,Phascolarctos cinereus,f,543,0.01018,0.01698,4,,0,ok
Mammalia,Cebuella pygmaea,m,1226,0.00532,0.0071,4,,0,ok
Mammalia,Vicugna pacos,m,452,0.02504,0.06841,4,,0,ok
Aves,Tockus deckeni,m,137,0.0349,0.05082,4,,0,ok
Aves,Geokichla dohertyi,f,139,0.01793,0.03929,4,,0,ok
Aves,Gallus sonneratii,f,53,0.0258,0.04148,4,,1,low_n_dead=53
Mammalia,Dolichotis patagonum,m,1710,0.01456,0.03725,4,,0,ok
Mammalia,Neotragus moschatus,m,139,0.01941,0.04885,4,,0,ok
Reptilia,Manouria emys,f,47,0.04894,0.13241,5,9.576,1,low_n_dead=47
Aves,Callipepla gambelii,m,101,0.03706,0.04652,5,7.782,1,high_makeham_h=0.00042/d
Aves,Amazonetta brasiliensis,m,201,0.01498,0.03389,4,,0,ok
Mammalia,Equus kiang,f,68,0.03732,0.02466,5,9.845,1,low_n_dead=68
Aves,Pelecanus rufescens,m,71,0.02413,0.04935,4,,1,low_n_dead=71
Mammalia,Crocuta crocuta,f,95,0.03091,0.03828,4,,1,low_n_dead=95
Mammalia,Pan troglodytes,f,365,0.03719,0.07679,4,,0,ok
Aves,Aythya valisineria,f,66,0.04698,0.0612,4,,1,low_n_dead=66
Mammalia,Dolichotis patagonum,f,1861,0.00796,0.02198,4,,0,ok
Mammalia,Oryx beisa,f,285,0.04365,0.09939,4,,0,ok
Aves,Tragopan temminckii,f,271,0.01611,0.02935,4,,0,ok
Reptilia,Python regius,f,69,0.04874,0.09597,4,,1,low_n_dead=69
Mammalia,Lemniscomys barbarus,m,106,0.02072,0.04415,4,,0,ok
Aves,Deroptyus accipitrinus,f,49,0.03398,0.0602,4,,1,low_n_dead=49
Mammalia,Cervus hanglu,m,169,0.02784,0.06679,4,,0,ok
Mammalia,Hemitragus jemlahicus,f,457,0.0237,0.0447,4,,0,ok
Mammalia,Symphalangus syndactylus,m,155,0.03687,0.068,4,,0,ok
Mammalia,Lontra canadensis,f,138,0.04518,0.07324,4,,0,ok
Aves,Afropavo congensis,f,260,0.01179,0.02832,4,,0,ok
Mammalia,Tragelaphus strepsiceros,f,989,0.01182,0.01884,4,,0,ok
Aves,Spatula puna,m,96,0.0426,0.08648,4,,2,low_n_dead=96; infant_spike_frac=0.22
Aves,Mycteria ibis,m,56,0.045,0.07412,4,,1,low_n_dead=56
Aves,Hypotaenidia owstoni,f,107,0.01404,0.02963,4,,0,ok
Aves,Dendrocygna bicolor,m,485,0.01337,0.02638,4,,0,ok
Aves,Entomyzon cyanotis,f,85,0.0313,0.0479,4,,1,low_n_dead=85
Aves,Crax rubra,f,80,0.02221,0.03904,4,,1,low_n_dead=80
Mammalia,Erythrocebus patas,m,249,0.01996,0.05021,4,,0,ok
Reptilia,Iguana iguana,m,133,0.01972,0.02617,4,,0,ok
Chondrichthyes,Rhinoptera bonasus,f,60,0.08386,0.09952,5,8.812,2,low_n_dead=60; poor_rms=0.0839
Mammalia,Callithrix jacchus,m,1225,0.01854,0.01245,4,,0,ok
Mammalia,Wallabia bicolor,m,157,0.0136,0.03493,4,,0,ok
Mammalia,Kobus leche,f,1006,0.02416,0.03454,4,,0,ok
Aves,Grus antigone,m,62,0.0357,0.0387,4,,1,low_n_dead=62
Aves,Pogonornis dubius,f,52,0.02744,0.06355,4,,1,low_n_dead=52
Mammalia,Hemitragus jemlahicus,m,419,0.02517,0.03801,4,,0,ok
Mammalia,Muntiacus reevesi,m,693,0.02095,0.04133,4,,0,ok
Aves,Aythya marila,m,55,0.02367,0.04992,4,,1,low_n_dead=55
Aves,Guira guira,f,218,0.02268,0.05418,4,,0,ok
Reptilia,Chlamydosaurus kingii,f,151,0.01403,0.02955,4,,0,ok
Mammalia,Lycaon pictus,f,750,0.02417,0.04373,4,,0,ok
Aves,Tetrao urogallus,f,176,0.01426,0.03759,4,,0,ok
Aves,Lamprotornis regius,f,124,0.02173,0.04221,4,,0,ok
Aves,Neophema splendida,m,170,0.01464,0.02187,4,,0,ok
Reptilia,Boa constrictor,f,299,0.01396,0.0316,4,,0,ok
Reptilia,Acrantophis madagascariensis,m,49,0.05161,0.04251,5,9.503,1,low_n_dead=49
Mammalia,Elaphodus cephalophus,m,81,0.03834,0.06643,4,,1,low_n_dead=81
Aves,Ptilinopus superbus,m,114,0.01609,0.03609,4,,0,ok
Mammalia,Phloeomys pallidus,f,95,0.02151,0.04683,4,,1,low_n_dead=95
Aves,Tringa totanus,m,61,0.04196,0.09955,4,,2,low_n_dead=61; infant_spike_frac=0.23
Aves,Sicalis flaveola,f,79,0.02075,0.05484,4,,1,low_n_dead=79
Aves,Trichoglossus moluccanus,m,578,0.02607,0.03126,4,,0,ok
Aves,Mycteria ibis,f,52,0.04604,0.07665,4,,1,low_n_dead=52
Aves,Nymphicus hollandicus,f,250,0.02352,0.04407,4,,0,ok
Mammalia,Chaetophractus villosus,f,68,0.02891,0.05333,4,,1,low_n_dead=68
Mammalia,Otaria byronia,m,56,0.04401,0.05825,4,,1,low_n_dead=56
Aves,Ducula aenea,f,47,0.02121,0.04884,4,,1,low_n_dead=47
Mammalia,Saguinus oedipus,f,1506,0.00882,0.01368,4,,0,ok
Aves,Artamus superciliosus,m,74,0.03434,0.08048,4,,1,low_n_dead=74
Mammalia,Rucervus eldii,m,632,0.02137,0.0486,4,,0,ok
Aves,Ara macao,m,215,0.01796,0.0315,4,,0,ok
Mammalia,Petrogale xanthopus,m,257,0.0678,0.17031,5,7.532,2,high_makeham_h=0.00054/d; infant_spike_frac=0.42
Reptilia,Sanzinia madagascariensis,m,153,0.02686,0.0362,4,,0,ok
Mammalia,Theropithecus gelada,m,145,0.02216,0.05928,4,,0,ok
Aves,Anseranas semipalmata,m,51,0.04662,0.06123,4,,1,low_n_dead=51
Mammalia,Otolemur garnettii,m,66,0.02987,0.06299,4,,1,low_n_dead=66
Aves,Cyanopica cyanus,m,128,0.02434,0.03792,4,,0,ok
Mammalia,Potos flavus,f,65,0.01882,0.0299,4,,1,low_n_dead=65
Aves,Fratercula cirrhata,m,88,0.02645,0.04545,4,,1,low_n_dead=88
Mammalia,Notamacropus rufogriseus,f,2325,0.00683,0.01194,4,,0,ok
Mammalia,Budorcas taxicolor,m,181,0.04545,0.08187,4,,0,ok
Mammalia,Felis silvestris,m,328,0.02022,0.04514,4,,0,ok
Aves,Coracias caudatus,m,137,0.02612,0.05653,4,,0,ok
Aves,Ciconia nigra,f,75,0.03111,0.06058,4,,1,low_n_dead=75
Aves,Chrysolophus pictus,f,439,0.01464,0.02583,4,,0,ok
Mammalia,Dasyurus viverrinus,f,195,0.01448,0.0355,4,,0,ok
Mammalia,Elephantulus rufescens,f,100,0.0164,0.03381,4,,0,ok
Aves,Anas bernieri,f,242,0.02527,0.05438,4,,0,ok
Aves,Coturnix delegorguei,m,75,0.0212,0.05673,4,,1,low_n_dead=75
Mammalia,Gazella dorcas,f,578,0.00525,0.01579,4,,0,ok
Aves,Diopsittaca nobilis,m,71,0.0197,0.06539,4,,1,low_n_dead=71
Mammalia,Procavia capensis,m,819,0.01057,0.0232,4,,0,ok
Aves,Loriculus galgulus,f,193,0.02049,0.05196,4,,0,ok
Mammalia,Bubalus bubalis,m,200,0.05375,0.03309,5,8.457,1,high_makeham_h=0.00021/d
Reptilia,Lampropeltis polyzona,m,85,0.02106,0.03811,4,,1,low_n_dead=85
Mammalia,Felis nigripes,f,197,0.0314,0.05881,4,,0,ok
Aves,Zapornia flavirostra,m,146,0.02186,0.03259,4,,0,ok
Aves,Spheniscus magellanicus,f,142,0.03541,0.04982,4,,0,ok
Aves,Trichoglossus haematodus,f,445,0.01069,0.02939,4,,0,ok
Aves,Bubo scandiacus,f,469,0.01098,0.0271,4,,0,ok
Aves,Dinemellia dinemelli,m,61,0.02416,0.02973,4,,1,low_n_dead=61
Aves,Radjah radjah,m,127,0.03374,0.05388,4,,0,ok
Mammalia,Notamacropus agilis,f,164,0.02364,0.04252,4,,0,ok
Aves,Dromaius novaehollandiae,f,263,0.01317,0.02472,4,,0,ok
Aves,Coscoroba coscoroba,f,149,0.02063,0.04879,4,,0,ok
Reptilia,Corucia zebrata,m,98,0.02703,0.05953,4,,1,low_n_dead=98
Mammalia,Macaca nigra,f,265,0.02426,0.05728,4,,0,ok
Mammalia,Dama mesopotamica,m,206,0.02886,0.0398,4,,0,ok
Mammalia,Nasua narica,f,188,0.03984,0.07795,4,,0,ok
Mammalia,Saguinus imperator,m,636,0.01236,0.02122,4,,0,ok
Aves,Tangara mexicana,f,105,0.02295,0.0477,4,,0,ok
Mammalia,Lepus timidus,m,72,0.0279,0.06166,4,,1,low_n_dead=72
Mammalia,Acinonyx jubatus,m,1437,0.0162,0.03049,4,,0,ok
Mammalia,Ailurus fulgens,f,826,0.00861,0.02118,4,,0,ok
Mammalia,Saguinus midas,m,370,0.02096,0.03633,4,,0,ok
Aves,Polyplectron inopinatum,m,88,0.03053,0.07406,4,,1,low_n_dead=88
Mammalia,Pseudomys australis,m,82,0.01679,0.0392,4,,1,low_n_dead=82
Aves,Cochlearius cochlearius,f,172,0.01575,0.03561,4,,0,ok
Mammalia,Ovis vignei,m,372,0.02451,0.05012,4,,1,infant_spike_frac=0.23
Aves,Anas laysanensis,m,212,0.01107,0.02412,4,,0,ok
Aves,Sibirionetta formosa,f,133,0.02916,0.04392,4,,0,ok
Aves,Hypotaenidia philippensis,f,94,0.01928,0.04228,4,,1,low_n_dead=94
Mammalia,Callithrix geoffroyi,m,677,0.00906,0.01818,4,,0,ok
Aves,Alopochen aegyptiaca,f,292,0.01293,0.02923,4,,0,ok
Amphibia,Dendrobates tinctorius,f,537,0.01119,0.02314,4,,0,ok
Mammalia,Axis axis,f,1452,0.01973,0.02699,4,,0,ok
Aves,Fratercula arctica,f,79,0.02623,0.04838,4,,1,low_n_dead=79
Aves,Cariama cristata,m,101,0.02263,0.03671,4,,0,ok
Mammalia,Camelus dromedarius,f,248,0.01452,0.024,4,,0,ok
Reptilia,Chelodina mccordi,m,41,0.02753,0.04405,4,,1,low_n_dead=41
Aves,Bubulcus ibis,f,319,0.01552,0.02257,4,,0,ok
Mammalia,Mandrillus sphinx,f,519,0.00974,0.01466,4,,0,ok
Aves,Eudromia elegans,m,336,0.02335,0.05203,4,,0,ok
Mammalia,Crocuta crocuta,m,85,0.02012,0.041,4,,1,low_n_dead=85
Mammalia,Hystrix africaeaustralis,m,165,0.02788,0.06106,4,,0,ok
Aves,Goura cristata,f,91,0.04443,0.04985,4,,1,low_n_dead=91
Mammalia,Gazella spekei,f,355,0.02184,0.03587,4,,0,ok
Aves,Ptilinopus porphyreus,m,95,0.03239,0.06088,4,,1,low_n_dead=95
Aves,Anser caerulescens,f,144,0.01851,0.03705,4,,0,ok
Reptilia,Python bivittatus,f,118,0.01689,0.03679,4,,0,ok
Aves,Netta rufina,f,719,0.00737,0.01574,4,,0,ok
Mammalia,Cephalophus silvicultor,f,82,0.02279,0.0463,4,,1,low_n_dead=82
Aves,Branta hutchinsii,f,127,0.01799,0.02327,4,,0,ok
Aves,Geococcyx californianus,m,143,0.02563,0.04096,4,,0,ok
Aves,Agapornis fischeri,m,78,0.01867,0.0408,4,,1,low_n_dead=78
Mammalia,Galago moholi,m,136,0.01631,0.01853,4,,0,ok
Aves,Cygnus olor,m,141,0.0149,0.03095,4,,0,ok
Aves,Loriculus galgulus,m,192,0.01777,0.02993,4,,0,ok
Mammalia,Sapajus apella,f,270,0.04076,0.03331,5,9.781,0,ok
Aves,Branta sandvicensis,m,593,0.03043,0.04324,4,,0,ok
Aves,Aythya ferina,f,157,0.02053,0.03929,4,,0,ok
Mammalia,Otocolobus manul,f,255,0.03394,0.084,4,,0,ok
Mammalia,Dasyuroides byrnei,f,348,0.01358,0.03164,4,,0,ok
Aves,Pygoscelis adeliae,m,49,0.03748,0.0672,4,,1,low_n_dead=49
Mammalia,Antidorcas marsupialis,m,773,0.01335,0.02717,4,,0,ok
Aves,Ramphocelus carbo,f,75,0.02425,0.05944,4,,1,low_n_dead=75
Aves,Phonipara canora,m,50,0.04175,0.09191,4,,1,low_n_dead=50
Mammalia,Macroscelides proboscideus,f,575,0.00825,0.01826,4,,0,ok
Mammalia,Capreolus capreolus,m,167,0.04802,0.10157,4,,0,ok
Aves,Tadorna tadornoides,f,65,0.03856,0.09002,4,,1,low_n_dead=65
Aves,Cereopsis novaehollandiae,m,110,0.01794,0.03472,4,,0,ok
Aves,Phoenicopterus ruber,f,726,0.03389,0.03542,4,,0,ok
Mammalia,Saimiri boliviensis,m,752,0.01972,0.0376,4,,0,ok
Mammalia,Pteropus rodricensis,f,663,0.01357,0.03219,4,,0,ok
Aves,Pelecanus rufescens,f,87,0.02959,0.05698,4,,1,low_n_dead=87
Mammalia,Ursus arctos,f,401,0.04695,0.10908,4,,0,ok
Aves,Cygnus melancoryphus,f,323,0.01401,0.0232,4,,0,ok
Aves,Melopsittacus undulatus,f,901,0.02279,0.0282,4,,0,ok
Mammalia,Kobus ellipsiprymnus,m,658,0.04165,0.07332,4,,0,ok
Mammalia,Arctictis binturong,f,198,0.01436,0.04013,4,,0,ok
Mammalia,Equus zebra,f,187,0.01474,0.03091,4,,0,ok
Aves,Ptilinopus porphyreus,f,100,0.01628,0.03575,4,,0,ok
Aves,Crax rubra,m,58,0.03839,0.06802,4,,1,low_n_dead=58
Mammalia,Macropus fuliginosus,m,334,0.02399,0.04905,4,,0,ok
Aves,Pauxi pauxi,f,67,0.02659,0.05005,4,,1,low_n_dead=67
Aves,Calidris pugnax,m,64,0.0414,0.07865,4,,1,low_n_dead=64
Aves,Bucorvus leadbeateri,m,33,0.0363,0.04307,4,,1,low_n_dead=33
Aves,Hypotaenidia philippensis,m,115,0.01359,0.02834,4,,0,ok
Aves,Ptilopsis leucotis,m,53,0.04502,0.16446,5,9.18,2,low_n_dead=53; infant_spike_frac=0.34
Mammalia,Callithrix jacchus,f,1199,0.01538,0.02732,4,,0,ok
Mammalia,Saguinus oedipus,m,1533,0.01717,0.02866,4,,0,ok
Aves,Cygnus olor,f,122,0.01743,0.05993,4,,0,ok
Reptilia,Sanzinia madagascariensis,f,140,0.01493,0.02288,4,,0,ok
Mammalia,Leptailurus serval,f,405,0.02118,0.03846,4,,0,ok
Mammalia,Heterocephalus glaber,m,272,0.03998,0.06913,4,,0,ok
Aves,Coracias cyanogaster,m,107,0.0288,0.06596,4,,0,ok
Aves,Dendrocygna guttata,f,75,0.01941,0.0366,4,,1,low_n_dead=75
Mammalia,Cercopithecus neglectus,f,213,0.0213,0.03179,4,,0,ok
Aves,Euplectes orix,f,65,0.03217,0.04544,4,,1,low_n_dead=65
Mammalia,Otolemur crassicaudatus,f,59,0.01886,0.04758,4,,1,low_n_dead=59
Mammalia,Boselaphus tragocamelus,m,820,0.04877,0.10624,4,,0,ok
Mammalia,Tupaia belangeri,m,275,0.03123,0.06832,4,,0,ok
Mammalia,Papio anubis,f,125,0.02088,0.03589,4,,0,ok
Mammalia,Coendou prehensilis,m,130,0.02766,0.04831,4,,0,ok
Mammalia,Potorous tridactylus,m,168,0.02111,0.02603,4,,0,ok
Reptilia,Iguana iguana,f,140,0.02066,0.04546,4,,1,bimodal_BC=0.668
Mammalia,Equus africanus,f,83,0.0492,0.07547,4,,1,low_n_dead=83
Aves,Psephotellus dissimilis,f,68,0.02965,0.05954,4,,1,low_n_dead=68
Aves,Scopus umbretta,m,200,0.0321,0.05913,4,,0,ok
Aves,Casuarius casuarius,m,43,0.02947,0.09435,5,10.13,1,low_n_dead=43
Mammalia,Varecia rubra,f,329,0.01661,0.03019,4,,0,ok
Aves,Pterorhinus courtoisi,m,130,0.04996,0.08093,4,,0,ok
Aves,Podargus strigoides,m,189,0.02531,0.04646,4,,0,ok
Mammalia,Sminthopsis crassicaudata,f,171,0.0181,0.0408,4,,0,ok
Mammalia,Elephas maximus,m,87,0.03469,0.11623,5,10.399,2,low_n_dead=87; infant_spike_frac=0.64
Aves,Anas crecca,m,154,0.03182,0.05458,4,,0,ok
Mammalia,Chrysocyon brachyurus,f,475,0.03046,0.04191,4,,0,ok
Mammalia,Leontopithecus chrysomelas,f,487,0.01506,0.03484,4,,0,ok
Aves,Rhynchopsitta pachyrhyncha,f,102,0.02277,0.04943,4,,0,ok
Mammalia,Lama glama,f,1188,0.01764,0.03145,4,,0,ok
Aves,Grus canadensis,f,123,0.03814,0.06264,4,,0,ok
Aves,Bubo bubo,f,166,0.01587,0.03021,4,,0,ok
Mammalia,Panthera pardus,f,737,0.02464,0.04183,4,,0,ok
Aves,Deroptyus accipitrinus,m,49,0.02528,0.05113,4,,1,low_n_dead=49
Aves,Ocyphaps lophotes,m,136,0.01996,0.04777,4,,0,ok
Aves,Tetrao urogallus,m,175,0.03409,0.077,4,,2,infant_spike_frac=0.21; bimodal_BC=0.631
Aves,Mareca sibilatrix,m,308,0.0122,0.02076,4,,0,ok
Mammalia,Atelerix albiventris,m,873,0.01016,0.02391,4,,0,ok
Aves,Mareca penelope,f,190,0.01744,0.03445,4,,0,ok
Aves,Phaps chalcoptera,m,60,0.03491,0.08764,4,,1,low_n_dead=60
Aves,Tragopan satyra,m,122,0.01969,0.04123,4,,0,ok
Chondrichthyes,Potamotrygon motoro,m,89,0.02719,0.07455,4,,1,low_n_dead=89
Aves,Anas castanea,m,199,0.0183,0.03622,4,,0,ok
Mammalia,Dasyprocta leporina,f,412,0.00653,0.01818,4,,0,ok
Aves,Cyanoramphus novaezelandiae,f,63,0.02862,0.03574,4,,1,low_n_dead=63
Aves,Ara militaris,f,145,0.03529,0.03382,4,,0,ok
Mammalia,Capreolus capreolus,f,208,0.02895,0.04739,4,,0,ok
Aves,Branta canadensis,m,117,0.01739,0.02541,4,,0,ok
Aves,Bucorvus abyssinicus,f,61,0.04114,0.02806,5,9.33,1,low_n_dead=61
Mammalia,Chlorocebus aethiops,f,102,0.02154,0.03588,4,,0,ok
Mammalia,Procyon lotor,m,297,0.01889,0.03136,4,,0,ok
Mammalia,Suricata suricatta,f,2293,0.01244,0.02284,4,,0,ok
Aves,Grus japonensis,f,183,0.02903,0.04471,4,,0,ok
Reptilia,Pituophis melanoleucus,f,57,0.02292,0.05031,4,,1,low_n_dead=57
Mammalia,Cebuella niveiventris,f,90,0.02888,0.05041,4,,1,low_n_dead=90
Mammalia,Cynictis penicillata,f,180,0.03433,0.05687,4,,0,ok
Mammalia,Otocyon megalotis,f,109,0.01982,0.0507,4,,0,ok
Aves,Syrmaticus mikado,f,48,0.02332,0.04772,4,,1,low_n_dead=48
Mammalia,Tolypeutes matacus,m,93,0.03031,0.03818,4,,1,low_n_dead=93
Aves,Falco peregrinus,f,54,0.04139,0.08299,4,,1,low_n_dead=54
Aves,Numida meleagris,m,420,0.01608,0.02414,4,,0,ok
Aves,Aythya ferina,m,160,0.01938,0.04825,4,,0,ok
Mammalia,Leopardus geoffroyi,f,61,0.04866,0.10066,4,,1,low_n_dead=61
Reptilia,Bothriechis schlegelii,f,200,0.01485,0.02912,4,,0,ok
Aves,Asarcornis scutulata,m,129,0.02849,0.04489,4,,0,ok
Mammalia,Atelerix albiventris,f,943,0.00804,0.02038,4,,0,ok
Aves,Psittacus erithacus,f,148,0.02868,0.04209,4,,0,ok
Mammalia,Halichoerus grypus,m,43,0.03662,0.08628,4,,1,low_n_dead=43
Aves,Callonetta leucophrys,f,864,0.00744,0.01803,4,,0,ok
Mammalia,Macrotis lagotis,m,68,0.02676,0.03331,4,,1,low_n_dead=68
Mammalia,Gazella leptoceros,m,371,0.01531,0.02928,4,,0,ok
Aves,Otidiphaps nobilis,m,91,0.02516,0.03357,4,,1,low_n_dead=91
Reptilia,Phelsuma standingi,f,202,0.01582,0.02742,4,,0,ok
Mammalia,Hippotragus niger,m,742,0.04595,0.08505,4,,0,ok
Reptilia,Acrantophis dumerili,f,149,0.0336,0.056,4,,0,ok
Mammalia,Antilocapra americana,f,347,0.00945,0.01907,4,,0,ok
Aves,Anser erythropus,m,106,0.01898,0.03609,4,,0,ok
Aves,Anas flavirostris,f,88,0.05,0.06358,4,,1,low_n_dead=88
Aves,Eudocimus ruber,f,1289,0.01115,0.01967,4,,0,ok
Mammalia,Bison bonasus,f,763,0.04248,0.08846,4,,0,ok
Mammalia,Muntiacus muntjak,m,119,0.02344,0.03519,4,,0,ok
Reptilia,Paleosuchus palpebrosus,m,47,0.02961,0.06907,4,,1,low_n_dead=47
Mammalia,Herpailurus yagouaroundi,m,102,0.03911,0.07774,4,,0,ok
Aves,Spatula clypeata,f,245,0.01365,0.02843,4,,0,ok
Aves,Chenonetta jubata,f,174,0.01364,0.02366,4,,0,ok
Reptilia,Malacochersus tornieri,f,82,0.031,0.06205,4,,1,low_n_dead=82
Reptilia,Pituophis ruthveni,f,47,0.04031,0.0672,4,,1,low_n_dead=47
Mammalia,Canis lupus,m,2141,0.03248,0.06078,4,,0,ok
Mammalia,Ovis aries,m,5905,0.10235,0.19528,5,7.677,3,high_makeham_h=0.00046/d; infant_spike_frac=0.78; poor_rms=0.1024
Aves,Chalcophaps longirostris,m,78,0.01812,0.04435,4,,1,low_n_dead=78
Mammalia,Nanger granti,m,175,0.02596,0.04046,4,,0,ok
Mammalia,Lycaon pictus,m,858,0.03124,0.06553,4,,0,ok
Aves,Bucephala islandica,m,97,0.01748,0.03732,4,,2,low_n_dead=97; bimodal_BC=0.839
Aves,Merops apiaster,f,83,0.02345,0.04446,4,,1,low_n_dead=83
Aves,Geotrygon versicolor,m,60,0.02253,0.04389,4,,1,low_n_dead=60
Mammalia,Artibeus jamaicensis,m,106,0.0416,0.06039,4,,0,ok
Mammalia,Hippopotamus amphibius,m,144,0.01672,0.03378,4,,0,ok
Mammalia,Dasyprocta punctata,f,178,0.01409,0.03887,4,,0,ok
Reptilia,Acrantophis dumerili,m,115,0.038,0.05375,4,,0,ok
Mammalia,Leontocebus fuscicollis,m,92,0.02014,0.03801,4,,1,low_n_dead=92
Aves,Tyto alba,f,336,0.01313,0.02648,4,,0,ok
Aves,Anas sparsa,f,56,0.02723,0.0439,4,,1,low_n_dead=56
Aves,Anas poecilorhyncha,m,132,0.0235,0.04925,4,,0,ok
Reptilia,Python bivittatus,m,88,0.01767,0.03028,4,,1,low_n_dead=88
Mammalia,Panthera uncia,m,588,0.0337,0.05694,4,,0,ok
Mammalia,Choloepus didactylus,m,133,0.04031,0.10573,4,,0,ok
Mammalia,Equus zebra,m,138,0.02692,0.04319,4,,0,ok
Aves,Anas platyrhynchos,m,381,0.02572,0.04116,4,,0,ok
Aves,Anas erythrorhyncha,f,80,0.02837,0.04224,4,,1,low_n_dead=80
Aves,Cyanoramphus novaezelandiae,m,77,0.05387,0.06786,5,8.031,3,low_n_dead=77; high_makeham_h=0.00033/d; bimodal_BC=0.891
Aves,Anas undulata,f,211,0.01425,0.03443,4,,0,ok
Mammalia,Coendou prehensilis,f,142,0.02733,0.04389,4,,0,ok
Aves,Geronticus calvus,m,77,0.03555,0.04807,4,,1,low_n_dead=77
Reptilia,Uroplatus phantasticus,f,131,0.01816,0.04668,4,,0,ok
Mammalia,Macroscelides proboscideus,m,550,0.01333,0.01907,4,,0,ok
Mammalia,Elaphodus cephalophus,f,82,0.0207,0.04406,4,,1,low_n_dead=82
Reptilia,Aspidoscelis uniparens,f,425,0.01655,0.0259,4,,0,ok
Reptilia,Chelonoidis carbonarius,f,76,0.03652,0.04441,4,,1,low_n_dead=76
Mammalia,Elephas maximus,f,96,0.03621,0.01908,5,10.79,1,low_n_dead=96
Aves,Sibirionetta formosa,m,114,0.01499,0.03304,4,,0,ok
Aves,Burhinus grallarius,f,75,0.02548,0.06787,4,,1,low_n_dead=75
Reptilia,Crotalus adamanteus,f,52,0.02953,0.04301,4,,1,low_n_dead=52
Aves,Surnia ulula,f,109,0.02557,0.04564,4,,0,ok
Mammalia,Echinops telfairi,m,379,0.01094,0.02321,4,,0,ok
Aves,Falco cherrug,f,57,0.04145,0.07599,4,,1,low_n_dead=57
Mammalia,Vicugna pacos,f,589,0.01554,0.03093,4,,0,ok
Mammalia,Gulo gulo,m,65,0.02802,0.01965,5,9.835,1,low_n_dead=65
Aves,Gallicolumba crinigera,f,133,0.01441,0.03449,4,,0,ok
Mammalia,Ursus thibetanus,m,90,0.02017,0.05145,4,,1,low_n_dead=90
Mammalia,Cervus elaphus,f,671,0.02922,0.06647,4,,0,ok
Aves,Bucorvus leadbeateri,f,38,0.05779,0.0399,5,9.8,1,low_n_dead=38
Mammalia,Syncerus caffer,m,334,0.0443,0.08464,5,8.655,1,infant_spike_frac=0.66
Aves,Neophema pulchella,f,70,0.01827,0.03572,4,,1,low_n_dead=70
Aves,Musophaga rossae,m,66,0.02791,0.05098,4,,1,low_n_dead=66
Mammalia,Wallabia bicolor,f,118,0.03124,0.02331,4,,0,ok
Aves,Spatula cyanoptera,m,281,0.02574,0.04202,4,,0,ok
Aves,Thraupis episcopus,m,108,0.04273,0.07822,4,,0,ok
Mammalia,Mustela nigripes,m,559,0.01521,0.03214,4,,0,ok
Aves,Cariama cristata,f,108,0.02423,0.04922,4,,0,ok
Aves,Colinus virginianus,f,348,0.01872,0.0406,4,,0,ok
Mammalia,Pteropus rodricensis,m,752,0.00737,0.01382,4,,0,ok
Mammalia,Cavia magna,f,115,0.02516,0.04247,4,,0,ok
Mammalia,Choloepus didactylus,f,153,0.0205,0.03774,4,,0,ok
Aves,Struthio camelus,m,479,0.02398,0.03428,4,,0,ok
Mammalia,Capra aegagrus,f,319,0.01678,0.02364,4,,0,ok
Mammalia,Dolichotis salinicola,m,80,0.04572,0.0771,4,,1,low_n_dead=80
Mammalia,Neotragus moschatus,f,121,0.01747,0.03526,4,,0,ok
Mammalia,Mandrillus sphinx,m,416,0.03255,0.04942,4,,0,ok
Aves,Aythya collaris,f,53,0.03516,0.06995,4,,1,low_n_dead=53
Aves,Eudyptes chrysolophus,m,52,0.03345,0.06968,4,,1,low_n_dead=52
Mammalia,Erethizon dorsatum,m,110,0.02365,0.05271,4,,0,ok
Aves,Branta sandvicensis,f,548,0.00859,0.0175,4,,0,ok
Reptilia,Phelsuma klemmeri,m,58,0.04848,0.05469,4,,1,low_n_dead=58
Aves,Musophaga rossae,f,63,0.0291,0.05215,4,,1,low_n_dead=63
Aves,Agapornis roseicollis,f,85,0.03146,0.05009,4,,1,low_n_dead=85
Aves,Speculanas specularis,f,47,0.02665,0.06324,4,,1,low_n_dead=47
Mammalia,Okapia johnstoni,f,143,0.01985,0.03841,4,,0,ok
Mammalia,Mustela putorius,f,459,0.01642,0.029,4,,0,ok
Aves,Meleagris gallopavo,f,418,0.01102,0.02395,4,,0,ok
Aves,Chloephaga picta,f,107,0.01999,0.04622,4,,0,ok
Mammalia,Cervus albirostris,f,107,0.02791,0.06422,4,,0,ok
Mammalia,Pudu puda,f,334,0.01765,0.03799,4,,0,ok
Aves,Parabuteo unicinctus,f,85,0.03322,0.0447,4,,1,low_n_dead=85
Aves,Ptilinopus pulchellus,m,108,0.0277,0.0596,4,,0,ok
Mammalia,Litocranius walleri,f,334,0.01606,0.03897,4,,0,ok
Aves,Psephotellus dissimilis,m,68,0.02889,0.06052,4,,1,low_n_dead=68
Mammalia,Lynx canadensis,f,75,0.02614,0.05199,4,,1,low_n_dead=75
Aves,Tauraco leucotis,f,119,0.02011,0.03715,4,,0,ok
Aves,Anas acuta,f,466,0.0108,0.01915,4,,0,ok
Mammalia,Cervus albirostris,m,92,0.04965,0.11557,4,,1,low_n_dead=92
Mammalia,Elaphurus davidianus,m,637,0.02687,0.04198,4,,0,ok
Mammalia,Redunca fulvorufula,m,62,0.04801,0.1007,5,7.647,2,low_n_dead=62; high_makeham_h=0.00048/d
Aves,Spinus cucullatus,f,63,0.03176,0.0646,4,,1,low_n_dead=63
Mammalia,Lynx rufus,f,132,0.03123,0.06566,4,,0,ok
Aves,Eudyptes chrysocome,m,124,0.02679,0.04911,4,,0,ok
Aves,Phoenicopterus roseus,f,358,0.03401,0.01009,5,10.208,0,ok
Mammalia,Dasyprocta azarae,f,179,0.03326,0.04573,4,,0,ok
Aves,Anas luzonica,m,120,0.01842,0.03358,4,,0,ok
Aves,Ducula aenea,m,42,0.03294,0.05555,4,,1,low_n_dead=42
Mammalia,Ursus maritimus,f,180,0.01817,0.04625,4,,0,ok
Mammalia,Erythrocebus patas,f,313,0.02641,0.04333,4,,0,ok
Mammalia,Oryx leucoryx,m,1057,0.01985,0.02879,4,,0,ok
Aves,Platalea ajaja,f,476,0.0078,0.01459,4,,0,ok
Reptilia,Heloderma suspectum,f,83,0.03255,0.02325,4,,1,low_n_dead=83
Mammalia,Cavia porcellus,f,1525,0.00711,0.00929,4,,0,ok
Mammalia,Halichoerus grypus,f,40,0.04119,0.07139,4,,1,low_n_dead=40
Aves,Anser indicus,f,320,0.01076,0.02909,4,,0,ok
Aves,Spheniscus demersus,f,1553,0.02106,0.02362,4,,0,ok
Aves,Merops apiaster,m,58,0.04129,0.0613,4,,1,low_n_dead=58
Mammalia,Sus scrofa,m,1283,0.0725,0.16733,5,8.088,2,high_makeham_h=0.00031/d; infant_spike_frac=0.75
Aves,Somateria mollissima,f,448,0.01936,0.04292,4,,0,ok
Mammalia,Macaca mulatta,f,143,0.04356,0.08547,4,,0,ok
Mammalia,Equus hemionus,f,362,0.01852,0.04177,4,,0,ok
Aves,Spatula cyanoptera,f,326,0.01788,0.03511,4,,0,ok
Aves,Ducula bicolor,f,239,0.01864,0.03003,4,,0,ok
Mammalia,Rusa timorensis,m,76,0.0364,0.08623,4,,1,low_n_dead=76
Mammalia,Dama dama,f,1473,0.01833,0.02764,4,,0,ok
Aves,Phoenicopterus ruber,m,725,0.01307,0.02678,4,,0,ok
Mammalia,Colobus guereza,m,642,0.02094,0.03778,4,,0,ok
Mammalia,Prionailurus bengalensis,m,311,0.02201,0.03174,4,,0,ok
Aves,Eclectus roratus,f,228,0.01941,0.02136,4,,0,ok
Aves,Rhynchopsitta pachyrhyncha,m,100,0.02312,0.0482,4,,0,ok
Mammalia,Helogale parvula,f,274,0.02155,0.03592,4,,0,ok
Reptilia,Chilabothrus subflavus,f,178,0.01946,0.04925,4,,0,ok
Mammalia,Macaca fuscata,m,466,0.02114,0.03601,4,,0,ok
Mammalia,Hypogeomys antimena,f,156,0.01462,0.03492,4,,0,ok
Aves,Leucosarcia melanoleuca,f,82,0.02902,0.04186,4,,1,low_n_dead=82
Aves,Tragopan caboti,f,91,0.02448,0.0488,4,,1,low_n_dead=91
Mammalia,Tupaia glis,m,149,0.02269,0.04805,4,,0,ok
Aves,Thraupis episcopus,f,102,0.02475,0.0473,4,,0,ok
Mammalia,Muntiacus muntjak,f,151,0.02056,0.02226,4,,0,ok
Reptilia,Sauromalus ater,f,92,0.01707,0.0245,4,,1,low_n_dead=92
Aves,Bubo scandiacus,m,408,0.01987,0.03932,4,,0,ok
Aves,Pavo cristatus,m,714,0.01197,0.01311,4,,0,ok
Aves,Threskiornis aethiopicus,m,270,0.01664,0.03398,4,,0,ok
Reptilia,Malayopython reticulatus,f,71,0.02823,0.05039,4,,1,low_n_dead=71
Aves,Strix nebulosa,f,175,0.01778,0.05107,4,,0,ok
Amphibia,Leptodactylus fallax,m,122,0.03059,0.08433,4,,0,ok
Aves,Tadorna tadornoides,m,61,0.02744,0.07456,4,,1,low_n_dead=61
Aves,Polytelis swainsonii,m,50,0.02957,0.04112,4,,1,low_n_dead=50
Mammalia,Notomys alexis,f,165,0.03015,0.02872,4,,0,ok
Aves,Nymphicus hollandicus,m,225,0.01611,0.02956,4,,0,ok
Mammalia,Leopardus pardalis,m,219,0.0323,0.05535,4,,0,ok
Mammalia,Tragelaphus angasii,f,937,0.02454,0.04174,4,,0,ok
Mammalia,Lama guanicoe,m,406,0.03327,0.05769,4,,1,infant_spike_frac=0.20
Mammalia,Monodelphis domestica,f,178,0.01123,0.03193,4,,0,ok
Aves,Neophema pulchella,m,60,0.02562,0.0506,4,,1,low_n_dead=60
Amphibia,Dendrobates auratus,m,155,0.0192,0.02986,4,,0,ok
Aves,Lagonosticta senegala,f,74,0.04566,0.08891,4,,1,low_n_dead=74
Mammalia,Mustela sibirica,f,78,0.04022,0.06834,4,,1,low_n_dead=78
Mammalia,Muntiacus reevesi,f,815,0.01148,0.02379,4,,0,ok
Mammalia,Cebus capucinus,m,48,0.02846,0.02189,5,9.793,1,low_n_dead=48
Aves,Ara macao,f,239,0.0296,0.03469,4,,0,ok
Mammalia,Axis axis,m,1409,0.03633,0.05842,4,,0,ok
Chondrichthyes,Hypanus americanus,f,60,0.04252,0.05976,4,,2,low_n_dead=60; infant_spike_frac=0.25
Aves,Dendrocygna eytoni,m,111,0.01752,0.03614,4,,0,ok
Aves,Dendrocygna arborea,f,112,0.02596,0.03555,4,,0,ok
Mammalia,Aepyceros melampus,m,945,0.04652,0.0835,4,,0,ok
Mammalia,Rucervus duvaucelii,f,507,0.01155,0.024,4,,0,ok
Aves,Amazonetta brasiliensis,f,227,0.02514,0.02207,4,,0,ok
Aves,Neochmia ruficauda,f,69,0.01602,0.03784,4,,1,low_n_dead=69
Aves,Euphonia violacea,m,70,0.02855,0.03647,4,,1,low_n_dead=70
Mammalia,Ovis dalli,m,202,0.0286,0.05499,4,,0,ok
Mammalia,Pan troglodytes,m,357,0.01539,0.02714,4,,0,ok
Aves,Aptenodytes patagonicus,m,225,0.02126,0.03044,4,,0,ok
Mammalia,Cervus nippon,f,1323,0.01365,0.02383,4,,0,ok
Mammalia,Lemur catta,f,1959,0.01528,0.02367,4,,0,ok
Aves,Surnia ulula,m,98,0.02351,0.068,4,,1,low_n_dead=98
Aves,Anas bahamensis,m,262,0.01568,0.02692,4,,0,ok
Aves,Eudyptula minor,m,246,0.01805,0.03872,4,,0,ok
Mammalia,Petrogale xanthopus,f,216,0.01942,0.05282,4,,0,ok
Mammalia,Bos frontalis,f,104,0.03721,0.03136,4,,0,ok
Mammalia,Nasua nasua,m,705,0.02714,0.04386,4,,0,ok
Aves,Cyanoliseus patagonus,m,121,0.02426,0.04012,4,,0,ok
Aves,Grus canadensis,m,128,0.03853,0.04827,4,,0,ok
Mammalia,Damaliscus pygargus,f,653,0.01335,0.03279,4,,0,ok
Mammalia,Chlorocebus aethiops,m,116,0.03048,0.04619,4,,0,ok
Aves,Eudromia elegans,f,396,0.02235,0.04203,4,,0,ok
Mammalia,Colobus angolensis,m,54,0.03183,0.03084,5,9.386,1,low_n_dead=54
Aves,Tauraco erythrolophus,m,133,0.0307,0.06255,4,,0,ok
Mammalia,Saguinus midas,f,371,0.01411,0.02374,4,,0,ok
Aves,Tockus erythrorhynchus,m,101,0.03387,0.06567,4,,0,ok
Aves,Syrmaticus reevesii,f,149,0.02283,0.03927,4,,0,ok
Mammalia,Pongo pygmaeus,m,143,0.03254,0.04251,4,,0,ok
Mammalia,Tragelaphus angasii,m,908,0.01406,0.02663,4,,0,ok
Aves,Lathamus discolor,f,124,0.01621,0.02992,4,,0,ok
Aves,Larosterna inca,f,551,0.03667,0.0562,4,,0,ok
Aves,Dacelo leachii,f,50,0.03195,0.05584,4,,1,low_n_dead=50
Aves,Polyplectron napoleonis,f,311,0.01826,0.03827,4,,0,ok
Aves,Eudyptula minor,f,232,0.01742,0.04232,4,,0,ok
Mammalia,Equus quagga,m,926,0.03611,0.0697,4,,1,infant_spike_frac=0.24
Aves,Polytelis alexandrae,f,74,0.02215,0.04582,4,,1,low_n_dead=74
Mammalia,Eulemur macaco,m,216,0.01492,0.02482,4,,0,ok
Mammalia,Mephitis mephitis,m,259,0.02187,0.05977,4,,0,ok
Mammalia,Mephitis mephitis,f,254,0.02533,0.05761,4,,0,ok
Aves,Cardinalis cardinalis,f,51,0.03572,0.06239,4,,1,low_n_dead=51
Aves,Polyplectron bicalcaratum,m,99,0.02037,0.04498,4,,1,low_n_dead=99
Reptilia,Malacochersus tornieri,m,126,0.02299,0.0318,4,,0,ok
Mammalia,Eulemur coronatus,m,66,0.03293,0.06767,4,,1,low_n_dead=66
Aves,Callonetta leucophrys,m,863,0.01458,0.02394,4,,0,ok
Reptilia,Osteolaemus tetraspis,f,84,0.03997,0.0356,5,9.476,1,low_n_dead=84
Aves,Anseranas semipalmata,f,58,0.04713,0.0682,4,,1,low_n_dead=58
Aves,Mergellus albellus,f,192,0.01359,0.0285,4,,0,ok
Mammalia,Tremarctos ornatus,f,96,0.03444,0.01619,5,10.708,1,low_n_dead=96
Aves,Dendrocygna bicolor,f,597,0.01342,0.02561,4,,0,ok
Aves,Threskiornis aethiopicus,f,294,0.01869,0.01817,4,,0,ok
Mammalia,Cervus elaphus,m,750,0.06982,0.15075,5,7.79,2,high_makeham_h=0.00041/d; infant_spike_frac=0.57
Aves,Streptopelia turtur,m,75,0.02125,0.0447,4,,1,low_n_dead=75
Mammalia,Puma concolor,m,304,0.03064,0.08174,4,,0,ok
Mammalia,Capra falconeri,m,702,0.03916,0.05238,4,,1,infant_spike_frac=0.21
Mammalia,Eulemur fulvus,f,124,0.02277,0.03822,4,,0,ok
Aves,Scopus umbretta,f,259,0.04215,0.07878,4,,0,ok
Mammalia,Desmodus rotundus,m,257,0.0255,0.03446,4,,0,ok
Aves,Balearica pavonina,m,83,0.02479,0.04135,4,,1,low_n_dead=83
Aves,Larosterna inca,m,539,0.0342,0.054,4,,0,ok
Mammalia,Cricetus cricetus,m,387,0.0485,0.07167,5,8.337,1,high_makeham_h=0.00024/d
Aves,Merops nubicus,m,90,0.03027,0.05156,4,,1,low_n_dead=90
Mammalia,Nanger soemmerringii,m,161,0.02114,0.05346,4,,0,ok
Mammalia,Tapirus indicus,m,132,0.03527,0.05746,4,,0,ok
Mammalia,Eulemur albifrons,f,120,0.01529,0.02526,4,,0,ok
Aves,Aythya affinis,m,53,0.03544,0.06609,4,,1,low_n_dead=53
Mammalia,Colobus angolensis,f,48,0.05415,0.01561,5,9.563,1,low_n_dead=48
Aves,Ara ararauna,f,266,0.027,0.02813,4,,0,ok
Mammalia,Saguinus geoffroyi,f,117,0.0212,0.0286,4,,0,ok
Reptilia,Crotalus adamanteus,m,51,0.03622,0.07599,4,,1,low_n_dead=51
Mammalia,Mico melanurus,m,97,0.03363,0.04231,4,,1,low_n_dead=97
Aves,Netta peposaca,f,381,0.01166,0.01953,4,,0,ok
Mammalia,Helogale parvula,m,325,0.01822,0.03204,4,,0,ok
Mammalia,Macropus giganteus,m,383,0.03028,0.0513,4,,0,ok
Aves,Lophura diardi,m,56,0.02762,0.04666,4,,1,low_n_dead=56
Aves,Polyplectron napoleonis,m,332,0.02303,0.04198,4,,0,ok
Aves,Egretta garzetta,f,151,0.02501,0.05205,4,,0,ok
Aves,Leptoptilos crumenifer,m,82,0.04622,0.02442,5,9.176,1,low_n_dead=82
Mammalia,Bos gaurus,m,189,0.0283,0.03465,4,,0,ok
Reptilia,Phelsuma grandis,f,246,0.01797,0.03673,4,,0,ok
Aves,Dendrocygna viduata,f,948,0.01105,0.02044,4,,0,ok
Reptilia,Cyclura cornuta,f,96,0.02501,0.03857,4,,1,low_n_dead=96
Aves,Ramphocelus bresilius,m,79,0.03251,0.05887,4,,1,low_n_dead=79
Aves,Tadorna ferruginea,m,224,0.01999,0.04239,4,,0,ok
Mammalia,Cavia aperea,f,272,0.02675,0.06436,4,,1,infant_spike_frac=0.22
Aves,Cyanoliseus patagonus,f,118,0.02507,0.04099,4,,0,ok
Aves,Eudyptes chrysolophus,f,43,0.04232,0.06913,4,,1,low_n_dead=43
Aves,Ramphocelus carbo,m,71,0.02174,0.04211,4,,1,low_n_dead=71
Aves,Lorius lory,f,48,0.03008,0.03688,4,,1,low_n_dead=48
Mammalia,Microcebus murinus,f,376,0.01797,0.02603,4,,0,ok
Aves,Anas undulata,m,196,0.02157,0.04559,4,,0,ok
Mammalia,Hylobates lar,f,245,0.03653,0.05226,4,,0,ok
Aves,Ploceus cucullatus,m,123,0.03001,0.05113,4,,0,ok
Mammalia,Mico melanurus,f,84,0.02142,0.03501,4,,1,low_n_dead=84
Aves,Mergellus albellus,m,216,0.01666,0.03269,4,,0,ok
Aves,Lophotibis cristata,f,73,0.0373,0.04994,4,,1,low_n_dead=73
Reptilia,Petrosaurus thalassinus,f,48,0.03651,0.08305,4,,1,low_n_dead=48
Aves,Lophonetta specularioides,f,45,0.035,0.05049,4,,1,low_n_dead=45
Aves,Rhea pennata,m,239,0.02462,0.04901,4,,0,ok
Aves,Athene cunicularia,m,230,0.0238,0.05766,4,,0,ok
Aves,Strix nebulosa,m,183,0.02396,0.0414,4,,0,ok
Aves,Psittacula krameri,m,71,0.02075,0.04972,4,,1,low_n_dead=71
Aves,Anas georgica,m,64,0.02442,0.0567,5,8.704,2,low_n_dead=64; infant_spike_frac=0.25
Reptilia,Epicrates cenchria,m,87,0.02632,0.04256,4,,1,low_n_dead=87
Mammalia,Gulo gulo,f,74,0.02616,0.04711,4,,1,low_n_dead=74
Mammalia,Hydrochoerus hydrochaeris,m,1442,0.0266,0.04405,4,,0,ok
Aves,Oxyura vittata,m,56,0.04566,0.0687,5,8.421,2,low_n_dead=56; high_makeham_h=0.00022/d
Mammalia,Addax nasomaculatus,m,932,0.0236,0.03995,4,,0,ok
Mammalia,Canis aureus,m,82,0.02163,0.04802,4,,1,low_n_dead=82
Mammalia,Kobus ellipsiprymnus,f,872,0.02233,0.03638,4,,0,ok
Aves,Pavo cristatus,f,734,0.01157,0.01887,4,,0,ok
Aves,Oena capensis,m,79,0.02542,0.0473,4,,1,low_n_dead=79
Mammalia,Cuniculus paca,m,112,0.01959,0.04179,4,,0,ok
Reptilia,Lampropeltis abnorma,m,64,0.02857,0.04907,4,,1,low_n_dead=64
Mammalia,Tragelaphus imberbis,f,379,0.02835,0.05297,4,,0,ok
Mammalia,Prionailurus bengalensis,f,302,0.01946,0.0224,4,,0,ok
Aves,Chauna torquata,m,127,0.0322,0.03372,4,,0,ok
Mammalia,Tamandua tetradactyla,m,85,0.02515,0.0483,4,,1,low_n_dead=85
Amphibia,Ambystoma mexicanum,f,141,0.02242,0.04709,4,,0,ok
Aves,Otidiphaps nobilis,f,119,0.03303,0.05253,4,,0,ok
Aves,Neochen jubata,m,99,0.01527,0.04562,4,,1,low_n_dead=99
Aves,Aix galericulata,m,1346,0.02037,0.01915,4,,0,ok
Aves,Callipepla californica,m,77,0.02625,0.05032,4,,1,low_n_dead=77
Aves,Grus vipio,m,150,0.03203,0.04138,4,,0,ok
Aves,Chrysolophus pictus,m,409,0.01366,0.01993,4,,0,ok
Mammalia,Otolemur crassicaudatus,m,65,0.04283,0.07882,4,,1,low_n_dead=65
Aves,Psephotus haematonotus,f,62,0.03577,0.06753,4,,1,low_n_dead=62
Mammalia,Varecia variegata,f,617,0.01013,0.01726,4,,0,ok
Aves,Polihierax semitorquatus,m,87,0.03776,0.05659,4,,1,low_n_dead=87
Mammalia,Cebuella niveiventris,m,99,0.02038,0.0487,4,,1,low_n_dead=99
Mammalia,Giraffa camelopardalis,m,1359,0.01784,0.04166,4,,0,ok
Aves,Geronticus eremita,m,706,0.01996,0.02928,4,,0,ok
Mammalia,Chaetophractus villosus,m,79,0.04108,0.06327,4,,1,low_n_dead=79
Mammalia,Pongo pygmaeus,f,132,0.04139,0.06241,4,,0,ok
Reptilia,Clemmys guttata,m,53,0.0534,0.04098,5,9.581,1,low_n_dead=53
Mammalia,Odocoileus hemionus,m,94,0.04748,0.09705,4,,2,low_n_dead=94; infant_spike_frac=0.28
Mammalia,Equus hemionus,m,332,0.02868,0.05366,4,,0,ok
Reptilia,Eunectes murinus,f,112,0.03447,0.07357,4,,0,ok
Reptilia,Gonyosoma oxycephalum,m,98,0.03235,0.06979,4,,1,low_n_dead=98
Aves,Cygnus atratus,f,436,0.013,0.01742,4,,0,ok
Mammalia,Melursus ursinus,f,58,0.02774,0.06134,4,,1,low_n_dead=58
Aves,Nettapus auritus,f,94,0.0325,0.07089,4,,1,low_n_dead=94
Aves,Aythya americana,f,277,0.02033,0.04133,4,,0,ok
Reptilia,Gonyosoma oxycephalum,f,88,0.02966,0.04436,4,,1,low_n_dead=88
Reptilia,Phelsuma standingi,m,134,0.01735,0.03145,4,,0,ok
Mammalia,Ateles geoffroyi,m,130,0.03778,0.06248,4,,0,ok
Aves,Burhinus oedicnemus,f,79,0.02929,0.06081,4,,1,low_n_dead=79
Aves,Pavo muticus,m,92,0.02103,0.02923,4,,1,low_n_dead=92
Mammalia,Eulemur albifrons,m,146,0.02365,0.04074,4,,0,ok
Aves,Phaps chalcoptera,f,65,0.03343,0.06246,4,,1,low_n_dead=65
Mammalia,Mus musculus,f,255,0.04466,0.05503,4,,0,ok
Mammalia,Philantomba monticola,f,210,0.01466,0.03221,4,,0,ok
Aves,Colius striatus,f,210,0.01608,0.02215,4,,0,ok
Mammalia,Connochaetes taurinus,m,631,0.02943,0.05378,4,,0,ok
Mammalia,Callithrix penicillata,m,127,0.02634,0.06445,4,,0,ok
Mammalia,Rousettus aegyptiacus,m,355,0.0164,0.02295,4,,0,ok
Aves,Leucosarcia melanoleuca,m,66,0.02162,0.0442,4,,1,low_n_dead=66
Reptilia,Trioceros jacksonii,f,102,0.02893,0.07222,4,,0,ok
Mammalia,Sarcophilus harrisii,m,373,0.02399,0.05363,4,,0,ok
Aves,Spheniscus demersus,m,1605,0.02689,0.03827,4,,0,ok
Mammalia,Cynictis penicillata,m,155,0.02208,0.04634,4,,0,ok
Aves,Tadorna tadorna,f,452,0.01338,0.01979,4,,0,ok
Aves,Anas crecca,f,149,0.02201,0.02457,4,,0,ok
Mammalia,Semnopithecus entellus,f,139,0.01865,0.03909,4,,0,ok
Aves,Bucephala clangula,m,206,0.0211,0.03894,4,,0,ok
Aves,Spinus cucullatus,m,55,0.02655,0.04343,4,,1,low_n_dead=55
Aves,Coturnix chinensis,m,331,0.01274,0.02529,4,,0,ok
Mammalia,Leptailurus serval,m,379,0.02099,0.04117,4,,0,ok
Aves,Gyps fulvus,f,50,0.03283,0.05,5,10.225,1,low_n_dead=50
Mammalia,Pteropus vampyrus,f,132,0.02167,0.04944,5,9.085,0,ok
Aves,Dendrocygna viduata,m,852,0.01615,0.02357,4,,0,ok
Mammalia,Arvicola amphibius,f,76,0.02013,0.03855,4,,1,low_n_dead=76
Aves,Ramphocelus bresilius,f,74,0.02473,0.05587,4,,1,low_n_dead=74
Aves,Ciconia ciconia,m,213,0.02251,0.04066,4,,0,ok
Mammalia,Madoqua kirkii,f,336,0.0206,0.01987,4,,0,ok
Aves,Aythya affinis,f,48,0.0171,0.03325,4,,1,low_n_dead=48
Aves,Anas melleri,f,207,0.01636,0.03249,4,,0,ok
Mammalia,Phloeomys pallidus,m,76,0.01933,0.03897,4,,1,low_n_dead=76
Aves,Dromaius novaehollandiae,m,234,0.03216,0.04392,4,,0,ok
Reptilia,Stigmochelys pardalis,f,52,0.02887,0.03875,4,,1,low_n_dead=52
Aves,Lorius lory,m,64,0.03556,0.05184,4,,1,low_n_dead=64
Mammalia,Madoqua kirkii,m,344,0.01737,0.02344,4,,0,ok
Mammalia,Otolemur garnettii,f,44,0.0465,0.08343,4,,1,low_n_dead=44
Mammalia,Saguinus labiatus,m,253,0.01741,0.02803,4,,0,ok
Mammalia,Macaca nemestrina,f,125,0.02497,0.06551,4,,0,ok
Aves,Aix sponsa,f,1208,0.0115,0.02243,4,,0,ok
Mammalia,Perameles gunnii,f,64,0.04312,0.05503,4,,1,low_n_dead=64
Mammalia,Bison bison,m,853,0.02595,0.06043,5,8.765,1,infant_spike_frac=0.57
Mammalia,Bos grunniens,f,502,0.02037,0.03773,4,,0,ok
Mammalia,Arctictis binturong,m,182,0.02163,0.04173,4,,0,ok
Aves,Anser rossii,f,66,0.04431,0.06035,4,,1,low_n_dead=66
Aves,Bucephala clangula,f,169,0.02234,0.03392,4,,0,ok
Mammalia,Sarcophilus harrisii,f,355,0.02331,0.04525,4,,0,ok
Aves,Agapornis nigrigenis,f,185,0.02275,0.03105,4,,0,ok
Mammalia,Eulemur fulvus,m,117,0.02908,0.02449,4,,0,ok
Mammalia,Cervus canadensis,f,688,0.03207,0.05069,4,,0,ok
Aves,Athene cunicularia,f,261,0.02025,0.04253,4,,0,ok
Mammalia,Hypogeomys antimena,m,152,0.01782,0.03895,4,,0,ok
Mammalia,Rattus norvegicus,f,1049,0.0101,0.01336,4,,0,ok
Mammalia,Chinchilla lanigera,f,400,0.0106,0.02019,4,,0,ok
Mammalia,Nasua narica,m,153,0.02978,0.05736,4,,0,ok
Aves,Otus scops,f,73,0.02585,0.05107,4,,1,low_n_dead=73
Mammalia,Phacochoerus africanus,m,269,0.04969,0.09054,4,,0,ok
Mammalia,Vulpes corsac,f,94,0.03159,0.03849,4,,1,low_n_dead=94
Aves,Entomyzon cyanotis,m,72,0.02194,0.07642,5,9.055,2,low_n_dead=72; infant_spike_frac=0.44
Mammalia,Cervus hanglu,f,180,0.03541,0.05863,4,,0,ok
Aves,Aythya novaeseelandiae,f,59,0.03485,0.06321,4,,1,low_n_dead=59
Mammalia,Pongo abelii,m,90,0.02062,0.03951,4,,1,low_n_dead=90
Aves,Cygnus buccinator,m,73,0.02373,0.05486,4,,1,low_n_dead=73
Aves,Ploceus castaneiceps,f,213,0.0193,0.02993,4,,0,ok
Aves,Falco biarmicus,f,52,0.03733,0.05807,4,,1,low_n_dead=52
Aves,Pulsatrix perspicillata,f,56,0.02378,0.04341,4,,1,low_n_dead=56
Mammalia,Redunca fulvorufula,f,96,0.01395,0.02949,4,,1,low_n_dead=96
Mammalia,Mandrillus leucophaeus,m,59,0.02257,0.05079,4,,1,low_n_dead=59
Mammalia,Ursus arctos,m,434,0.05665,0.13864,5,9.187,1,infant_spike_frac=0.54
Aves,Rollulus rouloul,f,1467,0.01525,0.03657,4,,0,ok
Mammalia,Myocastor coypus,f,430,0.04217,0.07094,4,,0,ok
Aves,Threskiornis spinicollis,m,75,0.02756,0.0394,4,,1,low_n_dead=75
Aves,Pitta sordida,m,164,0.02436,0.05671,4,,0,ok
Aves,Oxyura leucocephala,f,158,0.04653,0.10601,4,,1,infant_spike_frac=0.32
Aves,Pteroglossus viridis,f,153,0.02017,0.06285,4,,0,ok
Aves,Euphonia violacea,f,60,0.03184,0.05197,4,,1,low_n_dead=60
Aves,Chalcophaps indica,m,308,0.01526,0.02435,4,,0,ok
Aves,Liocichla omeiensis,f,72,0.03547,0.07131,4,,1,low_n_dead=72
Mammalia,Oryctolagus cuniculus,f,1250,0.01031,0.02119,4,,0,ok
Reptilia,Basiliscus plumifrons,f,361,0.01694,0.03182,4,,0,ok
Aves,Trichoglossus moluccanus,f,620,0.01617,0.01956,4,,0,ok
Mammalia,Leontopithecus rosalia,m,770,0.01985,0.02292,4,,0,ok
Mammalia,Ursus americanus,f,79,0.02346,0.04035,4,,1,low_n_dead=79
Mammalia,Kerodon rupestris,f,232,0.01337,0.02607,4,,0,ok
Aves,Platycercus eximius,f,76,0.03882,0.08028,4,,1,low_n_dead=76
Mammalia,Ursus maritimus,m,149,0.02215,0.04085,4,,0,ok
Aves,Cacatua moluccensis,f,69,0.03431,0.04016,4,,1,low_n_dead=69
Aves,Psittacula derbiana,f,69,0.0257,0.02908,4,,1,low_n_dead=69
Mammalia,Vulpes velox,m,48,0.04368,0.10519,4,,1,low_n_dead=48
Mammalia,Potamochoerus porcus,f,314,0.03753,0.0739,4,,0,ok
Mammalia,Micromys minutus,m,127,0.01505,0.03948,4,,0,ok
Mammalia,Chinchilla lanigera,m,386,0.00916,0.01709,4,,0,ok
Reptilia,Elaphe taeniura,f,100,0.02207,0.05987,4,,0,ok
Aves,Lamprotornis iris,f,59,0.01965,0.05002,4,,1,low_n_dead=59
Mammalia,Zalophus californianus,m,347,0.03846,0.06026,4,,0,ok
Aves,Agapornis canus,m,55,0.03178,0.05908,4,,1,low_n_dead=55
Mammalia,Capra caucasica,m,369,0.03166,0.05266,4,,0,ok
Reptilia,Testudo kleinmanni,f,62,0.04006,0.0962,4,,1,low_n_dead=62
Reptilia,Epicrates cenchria,f,109,0.02972,0.05087,4,,0,ok
Aves,Sarkidiornis melanotos,m,115,0.02609,0.04769,4,,0,ok
Aves,Garrulax leucolophus,f,66,0.02498,0.0492,4,,1,low_n_dead=66
Aves,Tadorna cana,m,65,0.02649,0.05866,4,,1,low_n_dead=65
Mammalia,Ursus americanus,m,81,0.03553,0.0441,4,,1,low_n_dead=81
Aves,Ptilopsis leucotis,f,64,0.02488,0.05244,4,,1,low_n_dead=64
Aves,Mareca strepera,m,131,0.02768,0.04682,4,,0,ok
Mammalia,Meriones unguiculatus,f,107,0.02397,0.05959,4,,0,ok
Mammalia,Notamacropus parma,m,491,0.0142,0.02793,4,,0,ok
Aves,Strix uralensis,f,77,0.02986,0.04895,4,,1,low_n_dead=77
Mammalia,Ursus thibetanus,f,100,0.03136,0.07593,4,,0,ok
Aves,Pycnonotus jocosus,f,80,0.02352,0.0464,4,,1,low_n_dead=80
Mammalia,Gazella spekei,m,338,0.02197,0.04506,4,,0,ok
Mammalia,Semnopithecus entellus,m,114,0.036,0.04433,4,,0,ok
Mammalia,Felis nigripes,m,201,0.02318,0.05026,4,,0,ok
Mammalia,Gazella subgutturosa,f,536,0.01358,0.02987,4,,0,ok
Aves,Dendrocygna arcuata,m,57,0.0363,0.10442,5,9.054,1,low_n_dead=57
Mammalia,Kobus leche,m,999,0.03448,0.07343,4,,0,ok
Aves,Trichoglossus forsteni,m,46,0.03025,0.04695,4,,2,low_n_dead=46; infant_spike_frac=0.22
Aves,Meleagris gallopavo,m,359,0.0152,0.02419,4,,0,ok
Aves,Geopelia cuneata,m,124,0.0258,0.0376,4,,0,ok
Mammalia,Nanger granti,f,267,0.02065,0.03318,4,,0,ok
Mammalia,Cuon alpinus,f,284,0.02198,0.0416,4,,0,ok
Aves,Branta canadensis,f,114,0.02635,0.04456,4,,0,ok
Aves,Trachyphonus erythrocephalus,m,103,0.01726,0.03561,4,,0,ok
Aves,Copsychus saularis,f,58,0.04803,0.09119,4,,2,low_n_dead=58; infant_spike_frac=0.21
Aves,Goura victoria,m,178,0.02441,0.05393,4,,0,ok
Mammalia,Rhinoceros unicornis,f,42,0.04696,0.0864,4,,1,low_n_dead=42
Aves,Lyrurus tetrix,f,108,0.02175,0.0399,4,,0,ok
Mammalia,Galago senegalensis,m,349,0.01917,0.03018,4,,0,ok
Mammalia,Arvicola amphibius,m,93,0.0243,0.06159,4,,1,low_n_dead=93
Aves,Anser canagicus,m,91,0.0209,0.04656,4,,1,low_n_dead=91
Mammalia,Ateles geoffroyi,f,265,0.03653,0.05167,4,,0,ok
Mammalia,Equus asinus,f,370,0.02139,0.02308,4,,0,ok
Mammalia,Monodelphis domestica,m,191,0.0174,0.05452,4,,0,ok
Aves,Numida meleagris,f,446,0.01248,0.02372,4,,0,ok
Aves,Plegadis falcinellus,m,102,0.03016,0.03723,4,,0,ok
Mammalia,Tupaia glis,f,167,0.01766,0.03809,4,,0,ok
Aves,Eudocimus albus,f,72,0.02243,0.04247,4,,1,low_n_dead=72
Mammalia,Saiga tatarica,m,104,0.02989,0.06787,4,,0,ok
Aves,Anser anser,f,180,0.01617,0.04008,4,,0,ok
Mammalia,Alcelaphus buselaphus,m,91,0.0281,0.04827,4,,1,low_n_dead=91
Mammalia,Vulpes corsac,m,85,0.02492,0.04721,4,,1,low_n_dead=85
Aves,Spatula platalea,m,81,0.02194,0.04976,4,,1,low_n_dead=81
Mammalia,Lutra lutra,m,198,0.02168,0.03856,4,,0,ok
Aves,Psephotus haematonotus,m,102,0.02112,0.04169,4,,0,ok
Aves,Eurypyga helias,m,156,0.0321,0.06418,4,,0,ok
Mammalia,Papio hamadryas,m,1001,0.02399,0.03909,4,,0,ok
Aves,Chalcophaps indica,f,316,0.01245,0.03055,4,,0,ok
Amphibia,Peltophryne lemur,m,891,0.01019,0.02827,4,,0,ok
Reptilia,Thamnophis sirtalis,m,216,0.02406,0.03588,4,,0,ok
Chondrichthyes,Potamotrygon motoro,f,110,0.02531,0.06017,4,,0,ok
Reptilia,Petrosaurus thalassinus,m,38,0.04776,0.05534,4,,1,low_n_dead=38
Mammalia,Cebus capucinus,f,49,0.04133,0.05602,4,,1,low_n_dead=49
Mammalia,Camelus dromedarius,m,146,0.02936,0.04389,4,,0,ok
Reptilia,Shinisaurus crocodilurus,f,118,0.01836,0.04891,4,,0,ok
Aves,Zenaida graysoni,f,174,0.02043,0.03617,4,,0,ok
Aves,Falco cherrug,m,73,0.02882,0.04944,4,,1,low_n_dead=73
Aves,Dendrocygna autumnalis,f,167,0.0226,0.04353,4,,0,ok
Aves,Aythya americana,m,273,0.01018,0.02227,4,,0,ok
Mammalia,Alouatta caraya,m,188,0.03894,0.06887,4,,0,ok
Mammalia,Bison bonasus,m,722,0.04345,0.08666,5,8.369,2,high_makeham_h=0.00023/d; infant_spike_frac=0.60
Aves,Branta hutchinsii,m,96,0.0277,0.05371,4,,1,low_n_dead=96
Aves,Threskiornis spinicollis,f,61,0.01784,0.03141,4,,1,low_n_dead=61
Aves,Chenonetta jubata,m,185,0.01475,0.03748,4,,0,ok
Mammalia,Diceros bicornis,f,105,0.03828,0.04082,4,,0,ok
Mammalia,Phascolarctos cinereus,m,509,0.00816,0.02162,4,,0,ok
Reptilia,Sceloporus serrifer,m,99,0.01495,0.02756,4,,1,low_n_dead=99
Aves,Athene noctua,m,147,0.03377,0.06632,4,,0,ok
Aves,Oxyura jamaicensis,m,657,0.02751,0.05473,4,,0,ok
Aves,Anas bahamensis,f,272,0.0143,0.02815,4,,0,ok
Mammalia,Ammotragus lervia,m,1525,0.02701,0.0523,4,,0,ok
Aves,Ploceus castaneiceps,m,184,0.03382,0.0484,4,,0,ok
Aves,Chauna torquata,f,157,0.03182,0.06281,4,,0,ok
Aves,Tragopan caboti,m,85,0.02838,0.05276,4,,1,low_n_dead=85
Aves,Coturnix delegorguei,f,93,0.02795,0.05946,4,,2,low_n_dead=93; bimodal_BC=0.558
Aves,Ciconia nigra,m,71,0.04279,0.05763,4,,1,low_n_dead=71
Mammalia,Ovis aries,f,4940,0.02278,0.05608,4,,2,infant_spike_frac=0.23; bimodal_BC=0.758
Aves,Columba livia,m,269,0.02777,0.03308,4,,0,ok
Aves,Nestor notabilis,m,168,0.01658,0.03809,4,,0,ok
Reptilia,Eunectes notaeus,f,82,0.02567,0.04226,4,,1,low_n_dead=82
Mammalia,Syncerus caffer,f,382,0.03672,0.07217,4,,0,ok
Aves,Ptilinopus regina,f,59,0.034,0.0938,4,,1,low_n_dead=59
Aves,Bubulcus ibis,m,302,0.01009,0.02231,4,,0,ok
Mammalia,Equus africanus,m,76,0.02285,0.05346,5,9.353,2,low_n_dead=76; infant_spike_frac=0.25
Mammalia,Macropus fuliginosus,f,340,0.0251,0.04972,4,,0,ok
Mammalia,Macaca mulatta,m,84,0.04301,0.07226,4,,1,low_n_dead=84
Aves,Liocichla omeiensis,m,67,0.02932,0.06559,4,,1,low_n_dead=67
Aves,Anthropoides paradiseus,f,82,0.01382,0.03039,4,,1,low_n_dead=82
Aves,Rhea pennata,f,247,0.03021,0.05588,4,,0,ok
Aves,Balearica regulorum,f,343,0.01687,0.02896,4,,0,ok
Aves,Agapornis roseicollis,m,79,0.04852,0.0951,4,,1,low_n_dead=79
Aves,Ptilinopus melanospilus,m,161,0.03179,0.06259,4,,0,ok
Mammalia,Callosciurus prevostii,f,250,0.00818,0.02154,4,,0,ok
Mammalia,Leporillus conditor,f,64,0.02466,0.05859,4,,1,low_n_dead=64
Mammalia,Alces alces,m,353,0.02682,0.04494,4,,0,ok
Aves,Grus vipio,f,159,0.02105,0.03015,4,,0,ok
Reptilia,Chilabothrus subflavus,m,142,0.02061,0.04239,5,9.132,0,ok
Amphibia,Peltophryne lemur,f,871,0.00744,0.02053,4,,0,ok
Mammalia,Panthera uncia,f,609,0.02272,0.04052,4,,0,ok
Mammalia,Rusa timorensis,f,77,0.03049,0.04556,4,,1,low_n_dead=77
Reptilia,Crotalus durissus,f,176,0.02992,0.06052,4,,0,ok
Reptilia,Python molurus,m,56,0.02031,0.03988,4,,1,low_n_dead=56
Mammalia,Equus caballus,m,1012,0.02336,0.04877,4,,0,ok
Aves,Anas melleri,m,216,0.01937,0.04165,4,,0,ok
Mammalia,Canis aureus,f,83,0.02245,0.04164,4,,1,low_n_dead=83
Amphibia,Leptodactylus fallax,f,133,0.02199,0.05189,4,,0,ok
Mammalia,Bos gaurus,f,201,0.03563,0.07691,4,,0,ok
Aves,Burhinus capensis,m,56,0.0358,0.05979,4,,1,low_n_dead=56
Mammalia,Hydropotes inermis,f,121,0.02797,0.04765,4,,0,ok
Aves,Colinus virginianus,m,316,0.0139,0.0222,4,,0,ok
Aves,Dendrocygna eytoni,f,121,0.01747,0.02727,4,,0,ok
Aves,Stictonetta naevosa,m,48,0.02817,0.03894,4,,1,low_n_dead=48
Aves,Rhea americana,f,639,0.00905,0.01931,4,,0,ok
Reptilia,Varanus komodoensis,m,109,0.02255,0.04458,4,,0,ok
Mammalia,Budorcas taxicolor,f,152,0.02842,0.07047,4,,0,ok
Amphibia,Dendrobates auratus,f,190,0.01545,0.04628,4,,0,ok
Mammalia,Gazella cuvieri,m,113,0.01419,0.03985,4,,0,ok
Aves,Eudocimus albus,m,68,0.02592,0.04171,4,,1,low_n_dead=68
Aves,Panurus biarmicus,m,71,0.02717,0.04929,4,,1,low_n_dead=71
Aves,Caloenas nicobarica,m,412,0.02233,0.0341,4,,0,ok
Mammalia,Elephantulus rufescens,m,107,0.01691,0.04474,4,,0,ok
Aves,Ara rubrogenys,f,66,0.04431,0.05706,4,,1,low_n_dead=66
Reptilia,Eublepharis macularius,m,175,0.01679,0.04283,4,,0,ok
Mammalia,Saiga tatarica,f,181,0.01986,0.04322,4,,0,ok
Aves,Bucorvus abyssinicus,m,41,0.0225,0.05345,4,,1,low_n_dead=41
Mammalia,Carollia perspicillata,m,177,0.02491,0.05364,4,,0,ok
Mammalia,Varecia rubra,m,387,0.02304,0.05265,4,,0,ok
Aves,Guttera pucherani,m,140,0.03504,0.04374,4,,0,ok
Aves,Aix sponsa,m,1365,0.01692,0.02352,4,,0,ok
Mammalia,Saguinus labiatus,f,300,0.01339,0.0183,4,,0,ok
Mammalia,Mesocricetus auratus,f,70,0.03054,0.04406,4,,1,low_n_dead=70
Aves,Psitteuteles goldiei,f,91,0.02652,0.05779,4,,1,low_n_dead=91
Mammalia,Lynx canadensis,m,64,0.03045,0.04718,4,,1,low_n_dead=64
Reptilia,Pantherophis obsoletus,m,93,0.0293,0.06154,4,,1,low_n_dead=93
Mammalia,Antidorcas marsupialis,f,887,0.01041,0.01742,4,,0,ok
Mammalia,Rusa unicolor,m,182,0.02285,0.05551,4,,0,ok
Aves,Dacelo novaeguineae,f,327,0.02087,0.0376,4,,0,ok
Mammalia,Vicugna vicugna,f,242,0.03347,0.05919,4,,0,ok
Mammalia,Gazella dorcas,m,594,0.01347,0.03989,4,,0,ok
Mammalia,Cercopithecus neglectus,m,214,0.02745,0.04703,4,,0,ok
Aves,Goura victoria,f,175,0.02201,0.04313,4,,0,ok
Aves,Falco peregrinus,m,61,0.03308,0.06061,4,,1,low_n_dead=61
Aves,Tyto alba,m,335,0.02378,0.04616,4,,0,ok
Aves,Tauraco leucotis,m,98,0.02599,0.03892,4,,1,low_n_dead=98
Mammalia,Pongo abelii,f,121,0.03373,0.03001,4,,0,ok
Aves,Cyanopica cyanus,f,139,0.01553,0.03008,4,,0,ok
Reptilia,Pituophis ruthveni,m,55,0.02929,0.04789,4,,1,low_n_dead=55
Mammalia,Hystrix indica,f,207,0.02503,0.04434,4,,0,ok
Mammalia,Acomys cahirinus,f,171,0.0228,0.04226,4,,0,ok
Mammalia,Oryx gazella,f,566,0.03212,0.06156,4,,0,ok
Mammalia,Capra hircus,f,6374,0.02572,0.05322,4,,0,ok
Aves,Serinus canaria,m,62,0.02637,0.03744,5,8.418,2,low_n_dead=62; high_makeham_h=0.00022/d
Aves,Syrmaticus ellioti,m,71,0.02935,0.05071,4,,1,low_n_dead=71
Mammalia,Hystrix indica,m,187,0.01865,0.03927,4,,0,ok
Mammalia,Cuniculus paca,f,105,0.01636,0.04267,4,,0,ok
Aves,Tadorna tadorna,m,489,0.01539,0.02526,4,,0,ok
Reptilia,Lygodactylus williamsi,f,104,0.02436,0.05094,4,,0,ok
Aves,Mareca penelope,m,172,0.01454,0.03187,4,,0,ok
Mammalia,Camelus bactrianus,f,794,0.01879,0.04061,4,,0,ok
Reptilia,Alligator mississippiensis,f,61,0.03566,0.03638,4,,1,low_n_dead=61
Mammalia,Tamiops swinhoei,m,68,0.03133,0.07363,4,,1,low_n_dead=68
Mammalia,Hystrix cristata,f,133,0.0136,0.02606,4,,0,ok
Aves,Ara rubrogenys,m,70,0.03069,0.04984,5,9.596,1,low_n_dead=70
Aves,Cacatua moluccensis,m,46,0.10414,0.05458,5,10.729,2,low_n_dead=46; poor_rms=0.1041
Aves,Mergus merganser,m,129,0.02996,0.05362,4,,0,ok
Mammalia,Notamacropus rufogriseus,m,2082,0.00711,0.01249,4,,0,ok
Aves,Leiothrix lutea,f,92,0.01769,0.05887,4,,1,low_n_dead=92
Mammalia,Sciurus vulgaris,f,158,0.01846,0.0435,4,,0,ok
Aves,Tauraco persa,m,56,0.03539,0.0729,4,,1,low_n_dead=56
Aves,Momotus momota,f,127,0.02304,0.05122,4,,0,ok
Aves,Dacelo novaeguineae,m,283,0.03116,0.05287,4,,0,ok
Mammalia,Cervus canadensis,m,561,0.04948,0.08002,4,,0,ok
Aves,Syrmaticus ellioti,f,77,0.01946,0.03989,4,,1,low_n_dead=77
Aves,Pygoscelis antarcticus,f,57,0.03173,0.02393,5,10.391,1,low_n_dead=57
Mammalia,Pecari tajacu,f,644,0.02824,0.05469,4,,0,ok
Mammalia,Petrogale penicillata,m,86,0.03241,0.08147,4,,2,low_n_dead=86; infant_spike_frac=0.23
Mammalia,Callimico goeldii,f,728,0.00687,0.0192,4,,0,ok
Aves,Ara chloropterus,f,111,0.03353,0.05986,4,,0,ok
Aves,Syrmaticus reevesii,m,146,0.02911,0.05852,4,,0,ok
Aves,Aythya valisineria,m,75,0.03081,0.05863,4,,1,low_n_dead=75
Aves,Pelecanus crispus,m,149,0.03677,0.0633,4,,0,ok
Aves,Plegadis ridgwayi,f,76,0.01717,0.03669,4,,1,low_n_dead=76
Aves,Pogonornis dubius,m,56,0.04089,0.09069,4,,1,low_n_dead=56
Aves,Mareca americana,f,69,0.03061,0.07802,4,,1,low_n_dead=69
Mammalia,Tamandua tetradactyla,f,73,0.03972,0.08106,4,,1,low_n_dead=73
Aves,Mareca falcata,f,181,0.02303,0.04503,4,,0,ok
Mammalia,Papio anubis,m,90,0.02609,0.06502,5,9.263,2,low_n_dead=90; infant_spike_frac=0.50
Mammalia,Capra aegagrus,m,344,0.04925,0.08759,4,,1,infant_spike_frac=0.26
Aves,Sarkidiornis melanotos,f,166,0.01864,0.04094,4,,0,ok
Aves,Anas flavirostris,m,90,0.02157,0.04932,4,,1,low_n_dead=90
Mammalia,Lepus timidus,f,84,0.02819,0.05581,4,,1,low_n_dead=84
Mammalia,Symphalangus syndactylus,f,155,0.03333,0.04709,4,,0,ok
Aves,Pelecanus onocrotalus,m,160,0.03981,0.04601,4,,0,ok
Mammalia,Petaurus breviceps,f,414,0.01247,0.02866,4,,0,ok
Aves,Athene noctua,f,113,0.02181,0.03617,4,,0,ok
Mammalia,Panthera tigris,m,1658,0.03941,0.07686,4,,0,ok
Aves,Aythya nyroca,f,343,0.01015,0.02111,4,,0,ok
Aves,Acryllium vulturinum,m,363,0.01829,0.04241,4,,1,bimodal_BC=0.622
Chondrichthyes,Potamotrygon leopoldi,m,58,0.04715,0.07923,4,,1,low_n_dead=58
Aves,Artamus superciliosus,f,57,0.02856,0.063,4,,1,low_n_dead=57
Reptilia,Eunectes notaeus,m,59,0.02262,0.04067,4,,1,low_n_dead=59
Mammalia,Cavia aperea,m,245,0.02626,0.04258,5,7.053,2,high_makeham_h=0.00087/d; bimodal_BC=0.587
Mammalia,Cephalophus silvicultor,m,98,0.0285,0.0504,4,,1,low_n_dead=98
Aves,Scissirostrum dubium,f,233,0.01121,0.02197,4,,0,ok
Mammalia,Neofelis nebulosa,f,215,0.02914,0.08273,4,,0,ok
Aves,Merops nubicus,f,85,0.04167,0.06306,4,,1,low_n_dead=85
Reptilia,Lampropeltis polyzona,f,82,0.02137,0.03707,4,,1,low_n_dead=82
Aves,Aix galericulata,f,1291,0.01672,0.01582,4,,0,ok
Aves,Urocolius macrourus,f,121,0.03339,0.06466,4,,0,ok
Mammalia,Herpailurus yagouaroundi,f,89,0.04447,0.0933,4,,1,low_n_dead=89
Mammalia,Cynomys ludovicianus,m,365,0.02634,0.04709,4,,0,ok
Mammalia,Castor canadensis,m,139,0.01569,0.03967,4,,0,ok
Aves,Polyplectron inopinatum,f,100,0.02297,0.05097,4,,0,ok
Mammalia,Osphranter rufus,m,1375,0.0073,0.01992,4,,0,ok
Aves,Netta rufina,m,730,0.01843,0.02749,4,,0,ok
Mammalia,Potos flavus,m,50,0.04408,0.04894,4,,1,low_n_dead=50
Aves,Spheniscus humboldti,f,2165,0.01503,0.02254,4,,0,ok
Aves,Ciconia abdimii,m,98,0.02567,0.04669,4,,1,low_n_dead=98
Mammalia,Felis chaus,m,141,0.02728,0.07379,4,,0,ok
Aves,Spatula querquedula,f,133,0.02275,0.05128,4,,0,ok
Reptilia,Lampropeltis abnorma,f,48,0.02687,0.05173,4,,1,low_n_dead=48
Mammalia,Nomascus leucogenys,m,51,0.03209,0.05173,4,,1,low_n_dead=51
Mammalia,Ovibos moschatus,m,184,0.01651,0.05153,4,,0,ok
Aves,Amazona aestiva,f,60,0.02349,0.05221,4,,1,low_n_dead=60
Mammalia,Boselaphus tragocamelus,f,937,0.02663,0.05287,4,,0,ok
Aves,Eclectus roratus,m,277,0.02873,0.09094,4,,1,infant_spike_frac=0.35
Mammalia,Macropus giganteus,f,385,0.02804,0.04992,4,,0,ok
Aves,Lophodytes cucullatus,m,679,0.01447,0.02695,4,,0,ok
Aves,Eurypyga helias,f,196,0.01111,0.02479,4,,0,ok
Mammalia,Procyon lotor,f,353,0.02087,0.03181,4,,0,ok
Aves,Geopelia cuneata,f,163,0.02144,0.0431,4,,0,ok
Aves,Amazona leucocephala,m,46,0.03281,0.06375,4,,1,low_n_dead=46
Aves,Phoeniconaias minor,m,34,0.02529,0.04359,5,10.055,1,low_n_dead=34
Mammalia,Mico argentatus,m,206,0.01914,0.03397,4,,0,ok
Mammalia,Trachypithecus auratus,m,127,0.02633,0.04069,4,,0,ok
Mammalia,Ceratotherium simum,f,92,0.031,0.08324,5,10.416,2,low_n_dead=92; infant_spike_frac=0.66
Mammalia,Vulpes zerda,f,362,0.03188,0.06933,4,,0,ok
Mammalia,Pseudomys australis,f,75,0.02855,0.07554,4,,1,low_n_dead=75
Aves,Gallus gallus,m,1398,0.01438,0.04268,4,,0,ok
Aves,Branta leucopsis,m,219,0.01807,0.02954,4,,0,ok
Reptilia,Centrochelys sulcata,m,65,0.0398,0.06526,4,,1,low_n_dead=65
Aves,Spheniscus humboldti,m,2065,0.02544,0.03884,4,,0,ok
Aves,Balearica regulorum,m,322,0.01103,0.01754,4,,0,ok
Aves,Tauraco persa,f,68,0.0236,0.03179,4,,1,low_n_dead=68
Aves,Momotus momota,m,114,0.01992,0.04077,4,,0,ok
Mammalia,Saguinus bicolor,m,174,0.01561,0.03795,4,,0,ok
Mammalia,Saimiri sciureus,f,895,0.01621,0.02176,4,,0,ok
Mammalia,Catagonus wagneri,f,45,0.04135,0.09336,4,,1,low_n_dead=45
Mammalia,Zalophus californianus,f,418,0.04599,0.07717,4,,0,ok
Mammalia,Sminthopsis crassicaudata,m,129,0.02807,0.06145,4,,0,ok
Aves,Pycnonotus jocosus,m,64,0.04254,0.04596,4,,1,low_n_dead=64
Aves,Platalea alba,m,111,0.02292,0.05323,4,,0,ok
Aves,Tadorna cana,f,77,0.01894,0.05712,4,,1,low_n_dead=77
Aves,Spatula hottentota,m,202,0.0341,0.05323,4,,0,ok
Aves,Lophura swinhoii,f,160,0.01725,0.03009,4,,0,ok
Aves,Myiopsitta monachus,m,110,0.04014,0.0998,4,,0,ok
Aves,Spatula versicolor,m,58,0.03165,0.0557,4,,1,low_n_dead=58
Aves,Columba livia,f,254,0.02087,0.04143,4,,0,ok
Mammalia,Leontocebus fuscicollis,f,100,0.01607,0.03609,4,,0,ok
Aves,Trachyphonus erythrocephalus,f,108,0.03355,0.06915,4,,0,ok
Aves,Spilopelia senegalensis,m,60,0.01945,0.05581,4,,1,low_n_dead=60
Mammalia,Capra hircus,m,6294,0.06941,0.16587,5,8.151,1,high_makeham_h=0.00029/d
Mammalia,Macaca sylvanus,m,261,0.03462,0.04662,4,,0,ok
Mammalia,Tragelaphus strepsiceros,m,768,0.01928,0.04663,4,,0,ok
Aves,Aptenodytes patagonicus,f,223,0.02422,0.03346,4,,0,ok
Aves,Leucopsar rothschildi,m,876,0.01619,0.0205,4,,0,ok
Aves,Cairina moschata,f,129,0.0234,0.03325,4,,0,ok
Mammalia,Acrobates pygmaeus,m,170,0.02949,0.05779,4,,0,ok
Mammalia,Equus asinus,m,214,0.02608,0.03993,4,,0,ok
Aves,Anas platyrhynchos,f,590,0.01215,0.02819,4,,0,ok
Aves,Anthropoides virgo,m,142,0.02806,0.02499,4,,0,ok
Mammalia,Macrotis lagotis,f,55,0.02771,0.05943,4,,1,low_n_dead=55
Reptilia,Phelsuma klemmeri,f,92,0.05863,0.10842,4,,1,low_n_dead=92
Aves,Callipepla californica,f,81,0.02416,0.06701,4,,1,low_n_dead=81
Aves,Spilopelia senegalensis,f,59,0.0391,0.0482,4,,1,low_n_dead=59
Mammalia,Dasyprocta leporina,m,403,0.02198,0.0519,4,,0,ok
Mammalia,Dendrolagus matschiei,f,111,0.02183,0.03358,4,,0,ok
Aves,Padda oryzivora,f,71,0.0321,0.06792,4,,1,low_n_dead=71
Mammalia,Capra falconeri,f,819,0.01905,0.04013,4,,0,ok
Mammalia,Leopardus pardalis,f,208,0.04109,0.08167,4,,0,ok
Mammalia,Oryctolagus cuniculus,m,946,0.0164,0.03203,4,,0,ok
Aves,Rhea americana,m,498,0.01415,0.03156,4,,0,ok
Mammalia,Sus scrofa,f,1359,0.04489,0.09231,4,,1,infant_spike_frac=0.29
Aves,Goura cristata,m,90,0.04335,0.06275,4,,1,low_n_dead=90
Reptilia,Podocnemis unifilis,m,75,0.02388,0.03607,4,,1,low_n_dead=75
Aves,Tragopan satyra,f,149,0.01826,0.03829,4,,0,ok
Aves,Neochmia ruficauda,m,50,0.02741,0.04401,4,,1,low_n_dead=50
Mammalia,Cavia porcellus,m,656,0.01253,0.02533,4,,0,ok
Mammalia,Tapirus terrestris,f,315,0.01673,0.02391,4,,0,ok
Aves,Apteryx mantelli,m,68,0.02971,0.05892,4,,1,low_n_dead=68
Aves,Anser cygnoid,m,181,0.02062,0.02564,4,,0,ok
Mammalia,Mesocricetus auratus,m,67,0.03026,0.05629,4,,1,low_n_dead=67
Amphibia,Dendrobates tinctorius,m,534,0.00898,0.01603,4,,0,ok
Aves,Ptilinopus pulchellus,f,101,0.02525,0.05773,4,,0,ok
Aves,Geronticus eremita,f,736,0.00977,0.02423,4,,0,ok
Mammalia,Hydrochoerus hydrochaeris,f,1722,0.02564,0.03632,4,,0,ok
Aves,Spatula discors,m,184,0.01732,0.05044,4,,0,ok
Aves,Ptilinopus regina,m,54,0.04458,0.09198,4,,1,low_n_dead=54
Mammalia,Galago moholi,f,116,0.03705,0.07174,4,,0,ok
Mammalia,Cavia magna,m,104,0.02728,0.04875,4,,1,bimodal_BC=0.588
Aves,Afropavo congensis,m,266,0.02402,0.04378,4,,0,ok
Mammalia,Pteronura brasiliensis,m,69,0.04871,0.08162,5,8.671,1,low_n_dead=69
Reptilia,Chilabothrus angulifer,m,55,0.02296,0.04351,4,,1,low_n_dead=55
Mammalia,Petaurus norfolcensis,m,49,0.04546,0.06972,4,,1,low_n_dead=49
Aves,Colius striatus,m,232,0.0105,0.02296,4,,0,ok
Aves,Somateria mollissima,m,425,0.01125,0.02683,4,,0,ok
Aves,Geotrygon versicolor,f,59,0.02527,0.05869,4,,1,low_n_dead=59
Mammalia,Ailurus fulgens,m,735,0.00946,0.02859,4,,0,ok
Mammalia,Tupaia belangeri,f,263,0.0255,0.05026,4,,0,ok
Aves,Cacatua leadbeateri,f,48,0.03737,0.12752,4,,2,low_n_dead=48; infant_spike_frac=0.29
Reptilia,Sauromalus ater,m,79,0.02009,0.05937,4,,1,low_n_dead=79
Aves,Mergus merganser,f,109,0.02784,0.05504,4,,0,ok
Mammalia,Axis porcinus,m,382,0.01869,0.0357,4,,0,ok
Aves,Nesoenas mayeri,f,234,0.01253,0.02687,4,,0,ok
Aves,Vanellus spinosus,m,112,0.02437,0.06446,4,,0,ok
Aves,Lophophorus impejanus,f,202,0.02741,0.03875,4,,0,ok
Reptilia,Chamaeleo calyptratus,f,341,0.00953,0.02314,4,,0,ok
Mammalia,Capra ibex,m,412,0.03926,0.08216,4,,0,ok
Mammalia,Prionailurus viverrinus,m,234,0.03343,0.07217,4,,0,ok
Mammalia,Otocolobus manul,m,268,0.03937,0.0926,4,,0,ok
Aves,Gallus gallus,f,3198,0.00511,0.0143,4,,0,ok
Mammalia,Tragelaphus spekii,m,1016,0.01621,0.02806,4,,0,ok
Mammalia,Ctenodactylus gundi,f,242,0.01323,0.0314,4,,0,ok
Mammalia,Lynx lynx,m,397,0.0424,0.0929,4,,0,ok
Aves,Struthio camelus,f,722,0.01032,0.01915,4,,2,bimodal_BC=0.813; hazard_bathtub=0.49
Aves,Spatula hottentota,f,220,0.01419,0.03184,4,,0,ok
Aves,Vanellus spinosus,f,128,0.02231,0.06254,4,,0,ok
Mammalia,Felis chaus,f,134,0.0301,0.06661,4,,0,ok
Reptilia,Sceloporus serrifer,f,95,0.01972,0.03859,4,,1,low_n_dead=95
Mammalia,Caracal caracal,f,206,0.02313,0.02905,4,,0,ok
Mammalia,Aonyx cinereus,m,841,0.01436,0.02643,4,,0,ok
Mammalia,Pygathrix nemaeus,m,114,0.03438,0.05665,4,,0,ok
Aves,Sarcoramphus papa,m,58,0.02665,0.05139,4,,1,low_n_dead=58
Aves,Eos bornea,f,51,0.02754,0.06357,4,,1,low_n_dead=51
Aves,Psitteuteles goldiei,m,85,0.03648,0.0493,4,,1,low_n_dead=85
Reptilia,Pogona vitticeps,f,397,0.01583,0.03187,4,,0,ok
Reptilia,Trioceros jacksonii,m,128,0.01617,0.03804,4,,0,ok
Reptilia,Tiliqua scincoides,m,66,0.03216,0.06023,4,,1,low_n_dead=66
Reptilia,Basiliscus plumifrons,m,322,0.00854,0.02316,4,,0,ok
Reptilia,Chilabothrus angulifer,f,87,0.02227,0.03654,4,,1,low_n_dead=87
Aves,Musophaga violacea,m,163,0.03057,0.0511,4,,0,ok
Reptilia,Heloderma horridum,f,68,0.04512,0.03156,4,,1,low_n_dead=68
Aves,Podargus strigoides,f,178,0.01295,0.03677,4,,0,ok
Aves,Anser rossii,m,62,0.03783,0.05615,4,,1,low_n_dead=62
Mammalia,Pithecia pithecia,f,327,0.02165,0.03456,4,,0,ok
Aves,Pteroglossus viridis,m,140,0.03778,0.07079,4,,0,ok
Mammalia,Pteronura brasiliensis,f,47,0.03391,0.09154,5,9.119,2,low_n_dead=47; infant_spike_frac=0.30
Mammalia,Dama mesopotamica,f,188,0.0317,0.09167,4,,0,ok
Aves,Lophura swinhoii,m,141,0.01656,0.03845,4,,0,ok
Mammalia,Equus quagga,f,1382,0.02631,0.04827,4,,0,ok
Mammalia,Connochaetes gnou,f,246,0.03309,0.06019,4,,0,ok
Mammalia,Camelus bactrianus,m,463,0.02511,0.04607,4,,0,ok
Aves,Pauxi pauxi,m,69,0.03398,0.06315,4,,1,low_n_dead=69
Aves,Irena puella,m,173,0.02684,0.05561,4,,0,ok
Mammalia,Mandrillus leucophaeus,f,46,0.04015,0.07851,4,,1,low_n_dead=46
Aves,Taeniopygia guttata,m,262,0.01913,0.03972,4,,0,ok
Mammalia,Saimiri sciureus,m,981,0.01861,0.03004,4,,0,ok
Aves,Melopsittacus undulatus,m,953,0.01453,0.02193,4,,0,ok
Mammalia,Capra sibirica,m,253,0.04102,0.07736,4,,0,ok
Aves,Crossoptilon crossoptilon,m,75,0.02612,0.05524,4,,1,low_n_dead=75
Aves,Lophura nycthemera,f,181,0.02538,0.07127,4,,0,ok
Aves,Columba guinea,m,136,0.0268,0.04471,4,,0,ok
Aves,Anas georgica,f,84,0.03019,0.04574,4,,1,low_n_dead=84
Aves,Phoenicopterus chilensis,m,325,0.03097,0.03617,4,,0,ok
Reptilia,Varanus komodoensis,f,93,0.02436,0.0614,4,,1,low_n_dead=93
Aves,Tockus erythrorhynchus,f,108,0.03111,0.05107,4,,0,ok
Mammalia,Gorilla gorilla,f,163,0.02517,0.01852,5,10.628,0,ok
Mammalia,Panthera onca,m,323,0.02809,0.06254,4,,0,ok
Mammalia,Bettongia penicillata,f,394,0.01128,0.01841,4,,0,ok
Mammalia,Connochaetes taurinus,f,639,0.0156,0.0285,4,,0,ok
Reptilia,Furcifer pardalis,f,357,0.01796,0.04077,4,,0,ok
Mammalia,Nanger dama,m,902,0.02013,0.03107,4,,0,ok
Mammalia,Papio papio,m,166,0.04163,0.0831,4,,0,ok
Reptilia,Chlamydosaurus kingii,m,113,0.01498,0.033,4,,0,ok
Aves,Agapornis fischeri,f,62,0.04581,0.06965,4,,1,low_n_dead=62
Mammalia,Saguinus bicolor,f,166,0.02134,0.03602,4,,0,ok
Mammalia,Artibeus jamaicensis,f,109,0.03356,0.05976,4,,0,ok
Mammalia,Gazella leptoceros,f,379,0.00991,0.02165,4,,0,ok
Mammalia,Capra ibex,f,510,0.0136,0.02153,4,,0,ok
Aves,Otus scops,m,57,0.04945,0.04026,5,8.378,2,low_n_dead=57; high_makeham_h=0.00023/d
Mammalia,Felis silvestris,f,332,0.02685,0.05139,4,,0,ok
Mammalia,Tragelaphus imberbis,m,341,0.03763,0.06128,4,,0,ok
Aves,Scissirostrum dubium,m,214,0.02328,0.03371,4,,0,ok
Aves,Urocolius macrourus,m,93,0.02363,0.03518,4,,1,low_n_dead=93
Mammalia,Canis rufus,m,227,0.02785,0.07191,4,,0,ok
Aves,Ciconia abdimii,f,114,0.0312,0.04174,4,,0,ok
Mammalia,Eulemur rubriventer,f,47,0.03592,0.0438,4,,1,low_n_dead=47
Mammalia,Myrmecophaga tridactyla,m,123,0.02414,0.08937,5,9.346,1,infant_spike_frac=0.22
Mammalia,Rangifer tarandus,m,1305,0.03282,0.06781,4,,0,ok
Aves,Coracias garrulus,f,50,0.02351,0.03087,4,,1,low_n_dead=50
Mammalia,Pteropus vampyrus,m,125,0.0458,0.07895,4,,0,ok
Aves,Cygnus melancoryphus,m,296,0.02848,0.05566,4,,0,ok
Aves,Phoenicopterus chilensis,f,325,0.02439,0.03319,4,,0,ok
Mammalia,Oryx dammah,f,1471,0.02578,0.05112,4,,0,ok
Aves,Polihierax semitorquatus,f,98,0.02213,0.04657,4,,1,low_n_dead=98
Mammalia,Micromys minutus,f,135,0.02267,0.03201,4,,0,ok
Aves,Lophura edwardsi,f,309,0.02068,0.04318,4,,0,ok
Mammalia,Macaca fascicularis,f,254,0.01715,0.0373,4,,0,ok
Mammalia,Phacochoerus africanus,f,246,0.04668,0.09358,4,,0,ok
Mammalia,Neofelis nebulosa,m,257,0.0312,0.05714,4,,0,ok
Aves,Ptilinopus melanospilus,f,166,0.02319,0.04077,4,,0,ok
Amphibia,Anaxyrus baxteri,m,449,0.00838,0.02007,4,,0,ok
Aves,Lamprotornis iris,m,65,0.02642,0.05602,4,,1,low_n_dead=65
Mammalia,Naemorhedus griseus,f,97,0.04455,0.06133,4,,1,low_n_dead=97
Aves,Anodorhynchus hyacinthinus,m,98,0.02849,0.05917,4,,1,low_n_dead=98
Aves,Psophia crepitans,f,129,0.01808,0.03744,4,,0,ok
Mammalia,Oryx beisa,m,184,0.02286,0.04395,4,,0,ok
Aves,Tragopan temminckii,m,250,0.01477,0.03728,4,,0,ok
Aves,Spatula versicolor,f,43,0.04153,0.07819,4,,1,low_n_dead=43
Mammalia,Vulpes lagopus,m,234,0.03119,0.05267,4,,0,ok
Mammalia,Rusa unicolor,f,219,0.02058,0.02297,4,,0,ok
Mammalia,Eudorcas thomsonii,m,602,0.02219,0.0353,4,,0,ok
Aves,Alopochen aegyptiaca,m,227,0.01393,0.0301,4,,0,ok
Aves,Anas castanea,f,229,0.02101,0.02804,4,,0,ok
Aves,Cossypha niveicapilla,f,129,0.01713,0.03539,4,,0,ok
Mammalia,Cervus nippon,m,1231,0.01149,0.01855,4,,0,ok
Mammalia,Equus grevyi,m,435,0.03555,0.05679,4,,0,ok
Aves,Urocissa erythrorhyncha,m,97,0.0233,0.03377,4,,1,low_n_dead=97
Mammalia,Choeropsis liberiensis,f,155,0.02319,0.04536,4,,0,ok
Aves,Lagonosticta senegala,m,68,0.03468,0.07702,4,,1,low_n_dead=68
Mammalia,Pithecia pithecia,m,389,0.03288,0.04748,4,,0,ok
Aves,Vanellus armatus,f,101,0.02627,0.05198,4,,0,ok
Aves,Panurus biarmicus,f,66,0.0237,0.03423,4,,1,low_n_dead=66
Mammalia,Pteropus lylei,f,148,0.02504,0.03086,4,,0,ok
Aves,Milvus migrans,f,99,0.02862,0.07262,4,,1,low_n_dead=99
Mammalia,Ctenodactylus gundi,m,261,0.01285,0.02711,4,,0,ok
Aves,Recurvirostra avosetta,m,378,0.03436,0.05518,4,,0,ok
Mammalia,Rattus rattus,f,67,0.04962,0.07587,4,,1,low_n_dead=67
Aves,Caloenas nicobarica,f,469,0.02424,0.03201,4,,0,ok
Mammalia,Macaca silenus,f,323,0.02152,0.0414,4,,0,ok
Mammalia,Lutra lutra,f,211,0.03498,0.07992,4,,0,ok
Mammalia,Otocyon megalotis,m,90,0.03471,0.06645,4,,1,low_n_dead=90
Aves,Plegadis ridgwayi,m,57,0.01979,0.05276,5,9.087,1,low_n_dead=57
Aves,Marmaronetta angustirostris,m,417,0.02829,0.03509,4,,0,ok
Aves,Anas bernieri,m,168,0.0342,0.05402,4,,0,ok
Mammalia,Trachypithecus auratus,f,220,0.00943,0.02334,4,,0,ok
Aves,Anthropoides virgo,f,134,0.02914,0.06739,4,,0,ok
Mammalia,Cercopithecus diana,m,142,0.04272,0.06347,4,,0,ok
Aves,Coturnix chinensis,f,385,0.01251,0.03039,4,,0,ok
Mammalia,Pudu puda,m,360,0.02096,0.03288,4,,0,ok
Aves,Margaroperdix madagarensis,m,52,0.03665,0.07898,4,,1,low_n_dead=52
Mammalia,Tremarctos ornatus,m,117,0.0494,0.08855,4,,0,ok
Aves,Ramphastos toco,m,168,0.01438,0.02102,4,,0,ok
Aves,Spatula clypeata,m,243,0.01768,0.03533,4,,1,bimodal_BC=0.923
Aves,Tauraco erythrolophus,f,155,0.02234,0.03805,4,,0,ok
Mammalia,Papio papio,f,185,0.03502,0.08133,4,,0,ok
Aves,Anser caerulescens,m,137,0.02333,0.04275,4,,0,ok
Aves,Phasianus colchicus,m,266,0.01996,0.03389,4,,0,ok
Mammalia,Panthera tigris,f,1914,0.02648,0.04682,4,,0,ok
Aves,Dendrocygna arborea,m,119,0.02537,0.03564,4,,0,ok
Aves,Eolophus roseicapilla,m,105,0.03253,0.05057,4,,0,ok
Aves,Diopsittaca nobilis,f,68,0.02872,0.04988,4,,1,low_n_dead=68
Aves,Eudyptes chrysocome,f,116,0.01873,0.06345,5,9.87,1,infant_spike_frac=0.27
Aves,Lophotibis cristata,m,53,0.05856,0.07512,5,7.877,2,low_n_dead=53; high_makeham_h=0.00038/d
Aves,Tadorna ferruginea,f,227,0.02941,0.04473,4,,0,ok
Mammalia,Macaca fuscata,f,532,0.01229,0.01712,4,,0,ok
Aves,Phoenicopterus roseus,m,381,0.037,0.02592,4,,0,ok
Mammalia,Odocoileus virginianus,f,600,0.02247,0.04535,4,,0,ok
Amphibia,Ambystoma mexicanum,m,146,0.0153,0.03485,4,,0,ok
Mammalia,Hippotragus equinus,m,310,0.02972,0.04258,4,,0,ok
Reptilia,Bothriechis schlegelii,m,210,0.01114,0.02566,4,,0,ok
Mammalia,Hyaena hyaena,m,75,0.02754,0.04135,4,,1,low_n_dead=75
Mammalia,Mungos mungo,f,418,0.0195,0.02831,4,,0,ok
Mammalia,Varecia variegata,m,789,0.0071,0.01133,4,,0,ok
Mammalia,Melursus ursinus,m,63,0.02185,0.03995,4,,1,low_n_dead=63
Aves,Platalea alba,f,123,0.02709,0.03413,4,,0,ok
Mammalia,Nycticebus pygmaeus,m,154,0.01818,0.04336,4,,0,ok
Aves,Pterorhinus courtoisi,f,113,0.02649,0.04642,4,,0,ok
Aves,Anas laysanensis,f,291,0.02417,0.03863,4,,0,ok
Aves,Ara militaris,m,137,0.03708,0.03567,4,,0,ok
Mammalia,Phoca vitulina,m,181,0.03022,0.04614,4,,0,ok
Mammalia,Lemniscomys barbarus,f,86,0.01519,0.03468,4,,1,low_n_dead=86
Mammalia,Arctocephalus pusillus,m,61,0.04186,0.06794,4,,1,low_n_dead=61
Mammalia,Addax nasomaculatus,f,1041,0.02348,0.04161,4,,0,ok
Mammalia,Tragulus javanicus,f,273,0.01309,0.02057,4,,0,ok
Aves,Serinus canaria,f,79,0.02833,0.02756,4,,1,low_n_dead=79
Mammalia,Rousettus aegyptiacus,f,406,0.02187,0.03548,4,,0,ok
Mammalia,Vulpes velox,f,59,0.03106,0.05361,4,,1,low_n_dead=59
Aves,Chrysolophus amherstiae,f,186,0.01851,0.0386,4,,0,ok
Aves,Oxyura leucocephala,m,141,0.03438,0.03258,5,8.631,0,ok
Aves,Catreus wallichii,f,99,0.01782,0.0383,4,,1,low_n_dead=99
Mammalia,Ceratotherium simum,m,100,0.04315,0.09689,4,,0,ok
Aves,Dendrocygna autumnalis,m,133,0.02109,0.04257,4,,0,ok
Aves,Phasianus colchicus,f,323,0.02999,0.0376,4,,0,ok
Aves,Lamprotornis superbus,f,373,0.02481,0.03844,4,,0,ok
Mammalia,Petaurus breviceps,m,412,0.01704,0.0335,4,,0,ok
Aves,Aratinga solstitialis,m,419,0.01842,0.02507,4,,0,ok
Mammalia,Desmodus rotundus,f,248,0.02282,0.04173,4,,0,ok
Mammalia,Litocranius walleri,m,302,0.01795,0.04265,4,,0,ok
Aves,Neochen jubata,f,82,0.0277,0.04719,4,,1,low_n_dead=82
Aves,Anodorhynchus hyacinthinus,f,96,0.03205,0.04987,4,,1,low_n_dead=96
Mammalia,Dasyurus maculatus,f,78,0.02938,0.06713,4,,1,low_n_dead=78
Reptilia,Pantherophis obsoletus,f,90,0.02589,0.04202,4,,1,low_n_dead=90
Aves,Branta ruficollis,f,356,0.01242,0.02436,4,,0,ok
Mammalia,Antilocapra americana,m,299,0.01766,0.0378,4,,0,ok
Mammalia,Damaliscus pygargus,m,510,0.02468,0.05437,4,,0,ok
Aves,Falco biarmicus,m,45,0.038,0.13622,5,9.677,2,low_n_dead=45; infant_spike_frac=0.47
Aves,Margaroperdix madagarensis,f,88,0.01754,0.0292,4,,1,low_n_dead=88
Aves,Lophura nycthemera,m,176,0.01723,0.03612,4,,0,ok
Aves,Platalea leucorodia,f,184,0.03097,0.03014,4,,0,ok
Mammalia,Hyaena hyaena,f,98,0.02112,0.04763,4,,1,low_n_dead=98
Aves,Platalea ajaja,m,394,0.01183,0.02682,4,,0,ok
Mammalia,Lontra canadensis,m,139,0.04777,0.0811,4,,0,ok
Mammalia,Eidolon helvum,f,156,0.02925,0.04584,4,,0,ok
Mammalia,Nasua nasua,f,962,0.01845,0.03753,4,,0,ok
Mammalia,Saguinus imperator,f,643,0.00785,0.01526,4,,0,ok
Aves,Spatula puna,f,110,0.03972,0.05652,4,,0,ok
Aves,Cairina moschata,m,106,0.01481,0.03299,4,,0,ok
Amphibia,Dyscophus antongilii,f,155,0.0127,0.02997,4,,0,ok
Aves,Eudocimus ruber,m,1267,0.00805,0.01875,4,,0,ok
Aves,Pelecanus onocrotalus,f,245,0.01589,0.02074,4,,0,ok
Reptilia,Pituophis melanoleucus,m,56,0.02525,0.03901,4,,1,low_n_dead=56
Aves,Leucopsar rothschildi,f,873,0.01253,0.01272,4,,0,ok
Mammalia,Tursiops truncatus,f,36,0.02326,0.04079,4,,1,low_n_dead=36
Aves,Neophema chrysogaster,m,391,0.01735,0.02837,4,,0,ok
Aves,Trichoglossus haematodus,m,391,0.00925,0.02669,4,,0,ok
Mammalia,Heterocephalus glaber,f,274,0.01153,0.02073,4,,0,ok
Mammalia,Myocastor coypus,m,443,0.04264,0.08654,4,,0,ok
Aves,Platalea leucorodia,m,167,0.02083,0.03278,4,,0,ok
Aves,Lamprotornis regius,m,129,0.04876,0.07879,4,,0,ok
Aves,Aythya baeri,m,135,0.02799,0.05053,4,,0,ok
Mammalia,Antilope cervicapra,f,2600,0.01221,0.01878,4,,0,ok
Aves,Neophema splendida,f,176,0.01718,0.0277,4,,0,ok
Mammalia,Panthera pardus,m,763,0.03321,0.07045,4,,0,ok
Reptilia,Boa constrictor,m,272,0.01403,0.03191,4,,0,ok
Reptilia,Python regius,m,93,0.0342,0.05949,4,,1,low_n_dead=93
Mammalia,Aotus griseimembra,m,88,0.02244,0.04637,4,,1,low_n_dead=88
Aves,Aythya fuligula,f,172,0.02212,0.03613,4,,0,ok
Mammalia,Acinonyx jubatus,f,1389,0.0139,0.02424,4,,0,ok
Aves,Eolophus roseicapilla,f,106,0.02041,0.04015,4,,0,ok
Aves,Ramphiculus jambu,m,106,0.03299,0.06338,4,,0,ok
Mammalia,Oryx gazella,m,435,0.04301,0.07714,4,,1,infant_spike_frac=0.23
Aves,Grus japonensis,m,136,0.02179,0.06819,5,9.936,1,infant_spike_frac=0.29
Mammalia,Hylobates lar,m,207,0.03119,0.0391,4,,0,ok
Aves,Streptopelia turtur,f,94,0.02714,0.03849,4,,1,low_n_dead=94
Aves,Aythya novaeseelandiae,m,54,0.03803,0.05995,4,,1,low_n_dead=54
Reptilia,Pantherophis guttatus,f,215,0.01534,0.03195,4,,0,ok
Aves,Parabuteo unicinctus,m,132,0.04145,0.04198,4,,0,ok
Mammalia,Pachyuromys duprasi,f,86,0.01476,0.03189,4,,1,low_n_dead=86
Aves,Anas capensis,f,222,0.01954,0.06112,4,,0,ok
Aves,Todiramphus cinnamominus,f,178,0.01843,0.0392,4,,0,ok
Reptilia,Shinisaurus crocodilurus,m,122,0.02004,0.03355,4,,0,ok
Mammalia,Eulemur macaco,f,208,0.0168,0.03651,4,,0,ok
Aves,Cardinalis cardinalis,m,55,0.07122,0.07803,5,7.978,2,low_n_dead=55; high_makeham_h=0.00034/d
Aves,Pygoscelis papua,f,451,0.03863,0.0591,4,,0,ok
Aves,Tockus deckeni,f,138,0.03429,0.055,4,,0,ok
Mammalia,Tayassu pecari,f,72,0.03272,0.06211,4,,2,low_n_dead=72; infant_spike_frac=0.24
Mammalia,Mustela sibirica,m,82,0.02211,0.05413,4,,1,low_n_dead=82
Mammalia,Myrmecophaga tridactyla,f,137,0.03952,0.08406,4,,0,ok
Mammalia,Potorous tridactylus,f,156,0.01953,0.04153,4,,0,ok
Mammalia,Alouatta caraya,f,152,0.02629,0.04421,4,,0,ok
Mammalia,Tragelaphus eurycerus,m,525,0.0093,0.01926,4,,0,ok
Reptilia,Python molurus,f,53,0.04037,0.04284,4,,1,low_n_dead=53
Mammalia,Axis porcinus,f,321,0.02107,0.03268,4,,0,ok
Mammalia,Hippopotamus amphibius,f,169,0.04512,0.08889,4,,0,ok
Reptilia,Lygodactylus williamsi,m,143,0.0272,0.03332,4,,0,ok
Aves,Anser erythropus,f,81,0.02911,0.05489,4,,1,low_n_dead=81
Aves,Mergus squamatus,f,62,0.04468,0.0563,4,,1,low_n_dead=62
Aves,Cygnus atratus,m,334,0.01492,0.02687,4,,0,ok
Aves,Gallicolumba crinigera,m,152,0.02026,0.04437,4,,0,ok
Aves,Pitta sordida,f,164,0.01549,0.03006,4,,0,ok
Mammalia,Ateles fusciceps,f,144,0.0258,0.05126,4,,0,ok
Aves,Burhinus grallarius,m,65,0.03405,0.05852,4,,1,low_n_dead=65
Aves,Ptilinopus superbus,f,115,0.0246,0.0421,4,,0,ok
Mammalia,Pachyuromys duprasi,m,85,0.01478,0.0358,4,,1,low_n_dead=85
Mammalia,Oreamnos americanus,m,185,0.02722,0.05713,4,,0,ok
Mammalia,Tamiops swinhoei,f,77,0.02417,0.04318,4,,1,low_n_dead=77
Mammalia,Ovibos moschatus,f,207,0.03555,0.05689,4,,0,ok
Mammalia,Macaca sylvanus,f,279,0.01388,0.02892,4,,0,ok
Mammalia,Leontopithecus chrysomelas,m,542,0.02314,0.04535,4,,0,ok
Aves,Spheniscus magellanicus,m,137,0.03981,0.04956,4,,0,ok
Mammalia,Acomys cahirinus,m,165,0.032,0.05414,4,,0,ok
Mammalia,Puma concolor,f,375,0.03632,0.07239,4,,0,ok
Reptilia,Heloderma suspectum,m,57,0.04129,0.05019,4,,1,low_n_dead=57
Mammalia,Petrogale penicillata,f,81,0.03329,0.05849,4,,1,low_n_dead=81
Mammalia,Kerodon rupestris,m,230,0.0383,0.06774,4,,0,ok
Aves,Cygnus buccinator,f,89,0.02124,0.0409,4,,1,low_n_dead=89
Mammalia,Canis lupus,f,2026,0.03547,0.07164,4,,0,ok
Aves,Fratercula arctica,m,78,0.02405,0.04738,4,,1,low_n_dead=78
Aves,Neophema chrysogaster,f,404,0.01223,0.02301,4,,0,ok
Mammalia,Elaphurus davidianus,f,780,0.03229,0.0608,4,,0,ok
Aves,Ara ararauna,m,226,0.07423,0.01787,5,10.149,0,ok
Aves,Burhinus oedicnemus,m,61,0.02504,0.04689,4,,1,low_n_dead=61
Aves,Oxyura vittata,f,60,0.05663,0.09385,5,7.731,2,low_n_dead=60; high_makeham_h=0.00044/d
Aves,Vanellus miles,m,148,0.01452,0.0321,4,,0,ok
Aves,Balearica pavonina,f,81,0.02151,0.0495,4,,1,low_n_dead=81
Aves,Coscoroba coscoroba,m,123,0.02477,0.04931,4,,0,ok
Aves,Copsychus malabaricus,m,278,0.02541,0.05106,4,,0,ok
Mammalia,Vulpes vulpes,m,120,0.03549,0.08245,4,,0,ok
Mammalia,Macaca nemestrina,m,86,0.02683,0.04163,4,,1,low_n_dead=86
Reptilia,Erpeton tentaculatum,f,130,0.02255,0.05087,4,,0,ok
Mammalia,Hystrix cristata,m,89,0.02244,0.04347,4,,1,low_n_dead=89
Chondrichthyes,Hemiscyllium ocellatum,f,42,0.01936,0.05101,5,8.337,2,low_n_dead=42; high_makeham_h=0.00024/d
Mammalia,Eudorcas thomsonii,f,724,0.03012,0.05233,4,,0,ok
Mammalia,Tapirus indicus,f,146,0.01773,0.04099,4,,0,ok
Reptilia,Bitis rhinoceros,f,96,0.033,0.08101,4,,1,low_n_dead=96
Mammalia,Nycticebus pygmaeus,f,175,0.02665,0.04291,4,,0,ok
Aves,Nesoenas mayeri,m,219,0.01573,0.02882,4,,0,ok
Aves,Ramphiculus jambu,f,93,0.0215,0.03135,4,,2,low_n_dead=93; bimodal_BC=0.836
Aves,Lophura edwardsi,m,294,0.03901,0.07336,4,,0,ok
Mammalia,Rupicapra rupicapra,f,155,0.0186,0.0308,4,,0,ok
Mammalia,Bubalus bubalis,f,190,0.0347,0.07964,4,,0,ok
Aves,Bucephala albeola,m,83,0.03363,0.04806,4,,1,low_n_dead=83
Aves,Recurvirostra avosetta,f,368,0.02655,0.05226,4,,0,ok
Aves,Himantopus himantopus,f,382,0.01476,0.03241,4,,0,ok
Aves,Zapornia flavirostra,f,161,0.01502,0.03323,4,,0,ok
Aves,Guira guira,m,192,0.01314,0.02438,4,,0,ok
Aves,Aratinga solstitialis,f,385,0.01599,0.03247,4,,0,ok
Mammalia,Myoprocta pratti,m,231,0.01151,0.03287,4,,0,ok
Mammalia,Bos taurus,m,1145,0.04709,0.04107,5,8.425,1,high_makeham_h=0.00022/d
Mammalia,Panthera onca,f,380,0.02506,0.04696,4,,0,ok
Mammalia,Notomys alexis,m,175,0.02467,0.04853,4,,0,ok
Aves,Aythya nyroca,m,308,0.0156,0.03037,4,,0,ok
Mammalia,Pteropus giganteus,m,266,0.01594,0.02504,4,,0,ok
Mammalia,Arctocephalus pusillus,f,75,0.04111,0.08347,4,,1,low_n_dead=75
Mammalia,Osphranter rufus,f,1870,0.00939,0.02335,4,,0,ok
Reptilia,Erpeton tentaculatum,m,121,0.01739,0.04007,4,,0,ok
Mammalia,Sciurus vulgaris,m,163,0.0228,0.0514,4,,0,ok
Aves,Meleagris ocellata,f,158,0.015,0.04016,4,,0,ok
Aves,Dendrocygna arcuata,f,102,0.04118,0.07136,4,,0,ok
Aves,Marmaronetta angustirostris,f,477,0.02255,0.03774,4,,0,ok
Aves,Leptoptilos crumenifer,f,105,0.02669,0.06121,4,,0,ok
Mammalia,Notamacropus agilis,m,138,0.02468,0.05349,4,,0,ok
Aves,Amazona aestiva,m,67,0.04229,0.03021,5,9.73,1,low_n_dead=67
Aves,Dinemellia dinemelli,f,94,0.03199,0.05529,4,,1,low_n_dead=94
Mammalia,Carollia perspicillata,f,210,0.01623,0.03827,4,,0,ok
Reptilia,Crotalus durissus,m,179,0.02487,0.04686,4,,0,ok
Reptilia,Clemmys guttata,f,70,0.04975,0.04981,5,9.409,1,low_n_dead=70
Aves,Gallicolumba luzonica,m,290,0.02517,0.04969,4,,0,ok
Reptilia,Testudo hermanni,m,72,0.04074,0.06269,4,,1,low_n_dead=72
Aves,Branta ruficollis,m,335,0.02584,0.02501,4,,0,ok
Mammalia,Aotus griseimembra,f,139,0.01823,0.03957,4,,0,ok
Mammalia,Caracal caracal,m,201,0.03087,0.04882,4,,0,ok
Mammalia,Dasyurus viverrinus,m,200,0.0278,0.05312,4,,0,ok
Mammalia,Eulemur coronatus,f,46,0.03396,0.05786,4,,1,low_n_dead=46
Aves,Ara chloropterus,m,109,0.03417,0.05718,4,,0,ok
Aves,Psophia crepitans,m,116,0.03427,0.04773,4,,0,ok
Mammalia,Mustela nigripes,f,404,0.01365,0.02964,4,,0,ok
Aves,Bostrychia hagedash,f,64,0.03554,0.05973,4,,1,low_n_dead=64
Aves,Psittacula krameri,f,72,0.03576,0.05352,4,,1,low_n_dead=72
Mammalia,Dasyuroides byrnei,m,337,0.01413,0.02977,4,,0,ok
Mammalia,Trachypithecus francoisi,f,91,0.0264,0.0375,4,,1,low_n_dead=91
Mammalia,Prionailurus viverrinus,f,192,0.04773,0.09632,4,,0,ok
Aves,Pelecanus crispus,f,192,0.03251,0.06095,4,,0,ok
Mammalia,Tragelaphus scriptus,m,60,0.0276,0.07878,4,,1,low_n_dead=60
Mammalia,Pseudois nayaur,f,140,0.04576,0.08921,4,,0,ok
Mammalia,Tragelaphus oryx,m,1513,0.04904,0.10329,5,7.99,2,high_makeham_h=0.00034/d; infant_spike_frac=0.65
Reptilia,Eunectes murinus,m,94,0.03309,0.0589,4,,2,low_n_dead=94; infant_spike_frac=0.20
Mammalia,Bos javanicus,f,340,0.03019,0.04482,4,,0,ok
Aves,Sicalis flaveola,m,65,0.01462,0.0463,4,,1,low_n_dead=65
Mammalia,Kobus megaceros,m,457,0.01738,0.03839,4,,0,ok
Mammalia,Rhinoceros unicornis,m,64,0.03588,0.05573,4,,1,low_n_dead=64
Aves,Argusianus argus,m,160,0.03247,0.05679,4,,0,ok
Reptilia,Chamaeleo calyptratus,m,298,0.01478,0.02674,4,,0,ok
Aves,Gallicolumba luzonica,f,293,0.01401,0.03667,4,,0,ok
Aves,Copsychus saularis,m,63,0.04455,0.09186,4,,2,low_n_dead=63; infant_spike_frac=0.21
Reptilia,Chelodina mccordi,f,48,0.03166,0.03753,4,,1,low_n_dead=48
Aves,Nettapus auritus,m,112,0.04787,0.09856,5,8.083,2,high_makeham_h=0.00031/d; infant_spike_frac=0.36
Mammalia,Erethizon dorsatum,f,166,0.0195,0.03885,4,,0,ok
Aves,Aythya marila,f,55,0.02315,0.04932,4,,1,low_n_dead=55
Mammalia,Octodon degus,f,266,0.01743,0.02693,4,,0,ok
Aves,Polyplectron bicalcaratum,f,99,0.02383,0.04976,4,,1,low_n_dead=99
Aves,Ploceus cucullatus,f,131,0.01577,0.03638,4,,0,ok
Aves,Geronticus calvus,f,68,0.02626,0.05198,4,,1,low_n_dead=68
Mammalia,Rattus norvegicus,m,643,0.01343,0.0244,4,,0,ok
Aves,Tringa totanus,f,75,0.04758,0.08065,4,,1,low_n_dead=75
Aves,Anas poecilorhyncha,f,144,0.02422,0.04402,4,,0,ok
Mammalia,Microcebus murinus,m,450,0.02051,0.02761,4,,0,ok
Aves,Copsychus malabaricus,f,282,0.02033,0.04188,4,,0,ok
Mammalia,Leontopithecus rosalia,f,696,0.02549,0.04072,4,,0,ok
Mammalia,Mico argentatus,f,195,0.01327,0.02993,4,,0,ok
Aves,Irena puella,f,188,0.02155,0.04149,4,,0,ok
Aves,Chloephaga picta,m,99,0.01351,0.02784,4,,1,low_n_dead=99
Reptilia,Physignathus cocincinus,f,161,0.01556,0.03518,4,,0,ok
Mammalia,Leporillus conditor,m,56,0.02362,0.05157,4,,1,low_n_dead=56
Mammalia,Tragelaphus oryx,f,1526,0.03157,0.05945,4,,0,ok
Aves,Ocyphaps lophotes,f,126,0.02324,0.05108,4,,0,ok
Aves,Chrysolophus amherstiae,m,173,0.0226,0.05566,4,,0,ok
Aves,Bambusicola thoracicus,m,70,0.02889,0.07536,4,,1,low_n_dead=70
Mammalia,Cricetomys gambianus,m,73,0.0243,0.04764,4,,1,low_n_dead=73
Mammalia,Rucervus eldii,f,625,0.0232,0.04161,4,,0,ok
Aves,Oena capensis,f,91,0.01978,0.03256,4,,1,low_n_dead=91
Mammalia,Capra nubiana,m,967,0.03124,0.05021,4,,0,ok
Mammalia,Eulemur rufus,f,67,0.03088,0.05807,4,,1,low_n_dead=67
Mammalia,Chrysocyon brachyurus,m,483,0.03149,0.05498,4,,0,ok
Mammalia,Odocoileus virginianus,m,511,0.04167,0.07871,4,,0,ok
Aves,Pygoscelis papua,m,425,0.01842,0.04602,5,9.451,1,infant_spike_frac=0.67
Reptilia,Thamnophis sirtalis,f,259,0.01532,0.03336,4,,0,ok
Aves,Anser cygnoid,f,160,0.02813,0.04463,4,,0,ok
Aves,Psittacus erithacus,m,143,0.02649,0.03543,4,,0,ok
Mammalia,Procavia capensis,f,845,0.00611,0.01303,4,,0,ok
Aves,Milvus migrans,m,106,0.02952,0.03287,4,,0,ok
Mammalia,Dasyprocta punctata,m,181,0.01505,0.02734,4,,0,ok
Aves,Dendrocygna javanica,m,58,0.03088,0.04932,4,,1,low_n_dead=58
Reptilia,Morelia viridis,f,247,0.0163,0.03148,4,,0,ok
Aves,Spatula discors,f,189,0.01882,0.04624,4,,0,ok
Reptilia,Eublepharis macularius,f,401,0.01343,0.02839,4,,0,ok
Reptilia,Tiliqua scincoides,f,76,0.02085,0.04987,4,,1,low_n_dead=76
Mammalia,Notamacropus eugenii,f,222,0.01514,0.03943,4,,0,ok
Mammalia,Trachypithecus francoisi,m,87,0.01599,0.03174,4,,1,low_n_dead=87
Mammalia,Saimiri boliviensis,f,860,0.01314,0.01586,4,,0,ok
Mammalia,Meriones unguiculatus,m,86,0.03721,0.07592,4,,1,low_n_dead=86
Reptilia,Uroplatus phantasticus,m,120,0.02421,0.06521,4,,0,ok
Mammalia,Eidolon helvum,m,221,0.02849,0.04025,4,,0,ok
Aves,Lophodytes cucullatus,f,644,0.02071,0.03559,4,,0,ok
Mammalia,Vulpes vulpes,f,125,0.04311,0.05412,4,,0,ok
Aves,Gracula religiosa,m,43,0.01363,0.02882,4,,1,low_n_dead=43
Reptilia,Bitis rhinoceros,m,101,0.02548,0.04979,4,,0,ok
Mammalia,Rusa alfredi,f,120,0.0208,0.0415,4,,0,ok
Mammalia,Bos grunniens,m,434,0.03857,0.08024,4,,0,ok
Aves,Mareca falcata,m,197,0.0167,0.02253,4,,0,ok
Reptilia,Cyclura cornuta,m,67,0.0291,0.05449,4,,1,low_n_dead=67
Aves,Lathamus discolor,m,117,0.03644,0.06563,4,,0,ok
Aves,Cacatua leadbeateri,m,39,0.14696,0.04884,5,9.808,3,low_n_dead=39; bimodal_BC=0.877; poor_rms=0.1470
Aves,Strix uralensis,m,52,0.02578,0.06801,4,,1,low_n_dead=52
Mammalia,Notamacropus eugenii,m,218,0.01136,0.03188,4,,0,ok
Aves,Lophura diardi,f,65,0.02461,0.04381,4,,1,low_n_dead=65
Mammalia,Pteropus lylei,m,163,0.03046,0.0589,4,,0,ok
Aves,Dendrocygna guttata,m,64,0.02392,0.05014,4,,1,low_n_dead=64
Mammalia,Mus musculus,m,86,0.02828,0.06599,4,,1,low_n_dead=86
Mammalia,Rusa alfredi,m,125,0.03127,0.04627,4,,0,ok
Aves,Aythya baeri,f,128,0.02272,0.05519,4,,0,ok
Mammalia,Lama guanicoe,f,535,0.01632,0.02142,4,,0,ok
Mammalia,Nanger dama,f,1087,0.02285,0.03318,4,,0,ok
Mammalia,Trichosurus vulpecula,m,52,0.01857,0.03569,4,,1,low_n_dead=52
Mammalia,Gorilla gorilla,m,161,0.02485,0.03349,4,,0,ok
Aves,Bostrychia hagedash,m,36,0.04248,0.08904,4,,1,low_n_dead=36
Aves,Garrulax leucolophus,m,71,0.01642,0.04423,4,,1,low_n_dead=71
Aves,Phalacrocorax carbo,f,97,0.02083,0.05163,4,,1,low_n_dead=97
Mammalia,Giraffa camelopardalis,f,1463,0.01358,0.02063,4,,0,ok
Aves,Bucephala islandica,f,80,0.03007,0.05186,4,,1,low_n_dead=80
Aves,Chloebia gouldiae,m,764,0.00603,0.01435,4,,0,ok
Mammalia,Castor canadensis,f,135,0.02411,0.04808,4,,0,ok
Mammalia,Potamochoerus porcus,m,260,0.03925,0.06843,4,,0,ok
Chondrichthyes,Hypanus americanus,m,56,0.03099,0.06767,4,,2,low_n_dead=56; infant_spike_frac=0.25
Aves,Tangara mexicana,m,123,0.01575,0.03314,4,,0,ok
Mammalia,Callimico goeldii,m,812,0.00808,0.01722,4,,0,ok
Mammalia,Callithrix geoffroyi,f,700,0.00819,0.01826,4,,0,ok
Aves,Cochlearius cochlearius,m,156,0.02962,0.05677,4,,0,ok
Mammalia,Oryx dammah,m,1267,0.02588,0.05931,4,,0,ok
Mammalia,Oreamnos americanus,f,237,0.02033,0.03583,4,,0,ok
Mammalia,Callithrix penicillata,f,112,0.02734,0.04159,4,,0,ok
Aves,Fratercula cirrhata,f,101,0.01838,0.03349,4,,0,ok
Aves,Apteryx mantelli,f,68,0.02694,0.06864,4,,1,low_n_dead=68
Mammalia,Colobus guereza,f,791,0.00698,0.0096,4,,0,ok
Mammalia,Myoprocta pratti,f,217,0.01362,0.02625,4,,0,ok
Aves,Oxyura jamaicensis,f,683,0.03074,0.07171,4,,0,ok
Aves,Columba guinea,f,160,0.01221,0.02561,4,,0,ok
Mammalia,Speothos venaticus,m,300,0.03854,0.08822,4,,0,ok
Mammalia,Lynx lynx,f,386,0.04085,0.08364,4,,0,ok
Mammalia,Osphranter robustus,m,184,0.017,0.04662,4,,0,ok
Mammalia,Cercopithecus diana,f,150,0.02246,0.03488,4,,0,ok
Mammalia,Antilope cervicapra,m,2506,0.02661,0.04821,4,,0,ok
Mammalia,Trichosurus vulpecula,f,70,0.03176,0.07826,4,,1,low_n_dead=70
Mammalia,Lynx rufus,m,149,0.04236,0.0943,4,,0,ok
Mammalia,Capromys pilorides,f,120,0.01643,0.03885,4,,0,ok
Mammalia,Connochaetes gnou,m,214,0.05436,0.0525,5,7.815,1,high_makeham_h=0.00040/d
Aves,Spatula querquedula,m,124,0.02203,0.05083,4,,0,ok
Aves,Musophaga violacea,f,172,0.01967,0.03416,4,,0,ok
Aves,Meleagris ocellata,m,165,0.03486,0.07663,4,,0,ok
Aves,Lophophorus impejanus,m,183,0.02131,0.03425,4,,0,ok
Mammalia,Cuon alpinus,m,310,0.03712,0.08844,4,,0,ok
Mammalia,Alcelaphus buselaphus,f,145,0.01643,0.03957,4,,0,ok
Aves,Netta peposaca,m,325,0.01858,0.02065,4,,0,ok
Mammalia,Otaria byronia,f,93,0.0379,0.07879,4,,1,low_n_dead=93
Mammalia,Octodon degus,m,279,0.01224,0.03245,4,,0,ok
Aves,Lyrurus tetrix,m,101,0.02245,0.05108,4,,0,ok
Aves,Bucephala albeola,f,92,0.01866,0.03689,4,,1,low_n_dead=92
Mammalia,Eulemur rubriventer,m,49,0.03646,0.03927,4,,1,low_n_dead=49
Aves,Coracias caudatus,f,164,0.02063,0.05627,4,,0,ok
Mammalia,Catagonus wagneri,m,41,0.04563,0.11932,5,9.621,2,low_n_dead=41; infant_spike_frac=0.54
Aves,Hypotaenidia owstoni,m,84,0.0394,0.09299,4,,1,low_n_dead=84
Aves,Mareca americana,m,77,0.02342,0.0459,4,,1,low_n_dead=77
Reptilia,Acrantophis madagascariensis,f,44,0.02529,0.05115,4,,1,low_n_dead=44
Reptilia,Physignathus cocincinus,m,66,0.02261,0.04703,4,,1,low_n_dead=66
Aves,Gracula religiosa,f,51,0.02778,0.0577,4,,1,low_n_dead=51
Mammalia,Saguinus geoffroyi,m,99,0.02948,0.04917,4,,1,low_n_dead=99
Aves,Anser canagicus,f,83,0.01643,0.02645,4,,1,low_n_dead=83
Aves,Calidris pugnax,f,104,0.02029,0.04562,4,,0,ok
Mammalia,Dama dama,m,1489,0.02098,0.03229,4,,0,ok
Aves,Zenaida graysoni,m,123,0.02987,0.0443,4,,0,ok
Aves,Trichoglossus forsteni,f,78,0.01664,0.0392,4,,1,low_n_dead=78
Aves,Aythya fuligula,m,188,0.02358,0.03136,4,,0,ok
Mammalia,Phoca vitulina,f,185,0.03151,0.04679,4,,0,ok
Mammalia,Philantomba monticola,m,199,0.02056,0.02743,4,,0,ok
Mammalia,Rucervus duvaucelii,m,409,0.01155,0.02681,4,,0,ok
Mammalia,Diceros bicornis,m,93,0.01951,0.04859,4,,1,low_n_dead=93
Aves,Dendrocygna javanica,f,74,0.02824,0.07822,4,,1,low_n_dead=74
Reptilia,Morelia viridis,m,217,0.02292,0.03893,4,,0,ok
Aves,Lophura leucomelanos,m,97,0.02769,0.04707,4,,1,low_n_dead=97
Mammalia,Ammotragus lervia,f,1727,0.02384,0.04391,4,,0,ok
Aves,Gallus varius,m,92,0.03063,0.05443,4,,1,low_n_dead=92
Aves,Gallus sonneratii,m,54,0.02425,0.04173,4,,1,low_n_dead=54
Mammalia,Capra sibirica,f,276,0.03862,0.0708,4,,0,ok
Mammalia,Leopardus geoffroyi,m,73,0.03193,0.07759,4,,1,low_n_dead=73
Mammalia,Bos taurus,f,1290,0.02044,0.03018,4,,0,ok
Aves,Casuarius casuarius,f,63,0.02253,0.04742,4,,1,low_n_dead=63
Aves,Anas acuta,m,464,0.01487,0.02656,4,,0,ok
Aves,Euplectes orix,m,76,0.02182,0.05063,4,,1,low_n_dead=76
Mammalia,Aonyx cinereus,f,919,0.01322,0.02982,4,,0,ok
Mammalia,Kobus megaceros,f,528,0.00631,0.01413,4,,0,ok
Mammalia,Rupicapra rupicapra,m,113,0.03991,0.06222,4,,0,ok
Mammalia,Felis margarita,m,181,0.03772,0.0846,4,,0,ok
Mammalia,Ovis canadensis,f,332,0.01889,0.04164,4,,0,ok
Aves,Anthropoides paradiseus,m,113,0.03086,0.05729,4,,0,ok
Aves,Pygoscelis antarcticus,m,46,0.04168,0.0503,4,,1,low_n_dead=46
Aves,Anas sparsa,m,51,0.01652,0.03766,4,,1,low_n_dead=51
Mammalia,Nyctereutes procyonoides,m,150,0.04,0.0613,4,,0,ok
Mammalia,Lama glama,m,683,0.03156,0.04255,4,,1,infant_spike_frac=0.26
Aves,Gyps fulvus,m,54,0.03522,0.09568,5,10.121,2,low_n_dead=54; infant_spike_frac=0.30
Mammalia,Sus cebifrons,f,86,0.03525,0.02433,5,9.643,1,low_n_dead=86
Aves,Vanellus miles,f,138,0.01926,0.04576,4,,0,ok
Mammalia,Tragelaphus eurycerus,f,741,0.01187,0.02499,4,,0,ok
Mammalia,Tolypeutes matacus,f,95,0.03674,0.04051,4,,1,low_n_dead=95
Reptilia,Phelsuma grandis,m,115,0.03024,0.06771,4,,0,ok
Aves,Todiramphus cinnamominus,m,148,0.02026,0.03337,4,,0,ok
Mammalia,Bos javanicus,m,389,0.05056,0.11313,5,8.236,2,high_makeham_h=0.00026/d; infant_spike_frac=0.58
Aves,Anas capensis,m,202,0.01836,0.03037,4,,0,ok
Aves,Bubo bubo,m,143,0.03142,0.04151,4,,0,ok
Mammalia,Pygathrix nemaeus,f,113,0.02572,0.04437,4,,0,ok
Aves,Cereopsis novaehollandiae,f,129,0.03164,0.02893,4,,0,ok
Mammalia,Capromys pilorides,m,124,0.0269,0.04872,4,,0,ok
Aves,Pavo muticus,f,101,0.02755,0.03725,4,,0,ok
Mammalia,Nyctereutes procyonoides,f,115,0.02364,0.01855,4,,0,ok
Mammalia,Gazella subgutturosa,m,423,0.02453,0.03123,4,,0,ok
Mammalia,Tapirus terrestris,m,312,0.01445,0.03051,4,,0,ok
Aves,Eos bornea,m,58,0.03087,0.03715,4,,1,low_n_dead=58
Aves,Crossoptilon auritum,m,62,0.02345,0.0461,4,,1,low_n_dead=62
Mammalia,Choeropsis liberiensis,m,97,0.03052,0.06661,4,,1,low_n_dead=97
Mammalia,Ovis canadensis,m,295,0.02525,0.05533,4,,0,ok
Aves,Anser indicus,m,318,0.01143,0.0211,4,,0,ok
Aves,Leiothrix lutea,m,117,0.03796,0.04999,4,,0,ok
Reptilia,Paleosuchus palpebrosus,f,44,0.02171,0.0319,4,,1,low_n_dead=44
Mammalia,Cricetomys gambianus,f,72,0.03804,0.05268,4,,1,low_n_dead=72
Aves,Urocissa erythrorhyncha,f,74,0.03024,0.03602,4,,1,low_n_dead=74
Aves,Mareca sibilatrix,f,294,0.00902,0.02199,4,,0,ok
Aves,Asarcornis scutulata,f,141,0.0208,0.04041,4,,0,ok
Aves,Rollulus rouloul,m,1392,0.01093,0.03358,4,,0,ok
Mammalia,Tayassu pecari,m,90,0.04036,0.05467,4,,1,low_n_dead=90
Mammalia,Equus caballus,f,1311,0.01916,0.04188,4,,0,ok
Aves,Burhinus capensis,f,84,0.04868,0.06179,4,,2,low_n_dead=84; infant_spike_frac=0.21
Mammalia,Dasyurus maculatus,m,79,0.04119,0.06268,4,,1,low_n_dead=79
Mammalia,Bettongia penicillata,m,347,0.01038,0.02341,4,,0,ok
Reptilia,Testudo kleinmanni,m,83,0.0214,0.04869,4,,1,low_n_dead=83
Reptilia,Pogona vitticeps,m,351,0.01341,0.02596,4,,1,hazard_bathtub=0.07
